,date,UniqueCarrier,ArrDelay
0,1994-01-31,AA,4.729366846961502
1,1994-01-31,DL,5.7858573409336005
2,1994-01-31,UA,6.363460412050832
3,1994-01-31,US,7.867030930223578
4,1994-01-31,WN,0.814125862118307
5,1994-02-28,AA,3.3143651223590926
6,1994-02-28,DL,4.689537234746131
7,1994-02-28,UA,5.2606982447438755
8,1994-02-28,US,4.381477986131057
9,1994-02-28,WN,1.4195629359837028
10,1994-03-31,AA,-0.5836951373539627
11,1994-03-31,DL,3.1537729814836073
12,1994-03-31,UA,-0.9854996346364633
13,1994-03-31,US,2.1700913042719225
14,1994-03-31,WN,0.4393134450347364
15,1994-04-30,AA,1.0949277299175524
16,1994-04-30,DL,3.3970349660004833
17,1994-04-30,UA,1.9770598126351189
18,1994-04-30,US,1.089770981583176
19,1994-04-30,WN,0.27226188106140325
20,1994-05-31,AA,-0.7095781026537422
21,1994-05-31,DL,2.049113394408733
22,1994-05-31,UA,0.9152989652538254
23,1994-05-31,US,-0.1583000618098595
24,1994-05-31,WN,-0.3227926078028747
25,1994-06-30,AA,1.621998580197937
26,1994-06-30,DL,4.028155892552145
27,1994-06-30,UA,2.9872070243349778
28,1994-06-30,US,2.207568967931662
29,1994-06-30,WN,2.0236278410639343
30,1994-07-31,AA,2.797428501787455
31,1994-07-31,DL,5.269629654411027
32,1994-07-31,UA,2.791350114416476
33,1994-07-31,US,5.204222596505555
34,1994-07-31,WN,1.355205047318612
35,1994-08-31,AA,0.35323783359497646
36,1994-08-31,DL,3.0679676985195155
37,1994-08-31,UA,1.1699625750160552
38,1994-08-31,US,2.6378193475889877
39,1994-08-31,WN,1.0050079728921666
40,1994-09-30,AA,-0.6207456103852875
41,1994-09-30,DL,1.5423717131336803
42,1994-09-30,UA,-0.5497339533100043
43,1994-09-30,US,0.4003173483779972
44,1994-09-30,WN,0.08206663790697084
45,1994-10-31,AA,0.8372363903874448
46,1994-10-31,DL,2.9413058327641073
47,1994-10-31,UA,-1.8105898601087054
48,1994-10-31,US,-0.11026979092056345
49,1994-10-31,WN,2.0334318433690433
50,1994-11-30,AA,1.5540154390753615
51,1994-11-30,DL,3.146769354923598
52,1994-11-30,UA,-0.7984847084911763
53,1994-11-30,US,2.557247150997151
54,1994-11-30,WN,4.0588796710961015
55,1994-12-31,AA,2.757745832377058
56,1994-12-31,DL,3.125773546412785
57,1994-12-31,UA,-0.9917312211680738
58,1994-12-31,US,2.6876925958084343
59,1994-12-31,WN,6.016598485917148
0,1995-01-31,AA,4.478126988688851
1,1995-01-31,DL,2.9011301731848116
2,1995-01-31,UA,2.6821255219483247
3,1995-01-31,US,3.67778253058431
4,1995-01-31,WN,7.092837125882749
5,1995-02-28,AA,2.5818214681096223
6,1995-02-28,DL,3.0197162736062166
7,1995-02-28,UA,-0.11584158415841585
8,1995-02-28,US,3.29579177353472
9,1995-02-28,WN,2.8968391635347404
10,1995-03-31,AA,5.8640192041057055
11,1995-03-31,DL,2.153513583274182
12,1995-03-31,UA,1.286357734134069
13,1995-03-31,US,1.6380413515943102
14,1995-03-31,WN,3.912179911581915
15,1995-04-30,AA,3.595000550600154
16,1995-04-30,DL,2.686741128328973
17,1995-04-30,UA,-0.8572363283311172
18,1995-04-30,US,1.4932504505829993
19,1995-04-30,WN,2.708016802216463
20,1995-05-31,AA,2.4257168439212946
21,1995-05-31,DL,3.3320179616274324
22,1995-05-31,UA,1.2010788314679381
23,1995-05-31,US,0.8696825962241512
24,1995-05-31,WN,2.1769503165575705
25,1995-06-30,AA,2.544810206331706
26,1995-06-30,DL,5.368868168868169
27,1995-06-30,UA,3.993246882379749
28,1995-06-30,US,4.211955108328166
29,1995-06-30,WN,2.4863010743409415
30,1995-07-31,AA,0.9571811074220842
31,1995-07-31,DL,3.543246705093201
32,1995-07-31,UA,2.4820417030434694
33,1995-07-31,US,1.9170624051705452
34,1995-07-31,WN,0.7019160143543682
35,1995-08-31,AA,0.5017795120277861
36,1995-08-31,DL,3.7937640683618175
37,1995-08-31,UA,2.6771386074931662
38,1995-08-31,US,1.9776054270639107
39,1995-08-31,WN,0.8985258687574013
40,1995-09-30,AA,-1.9792475837774366
41,1995-09-30,DL,2.7333051935489543
42,1995-09-30,UA,0.07556760420196544
43,1995-09-30,US,0.20072738037341678
44,1995-09-30,WN,-0.5280903693224445
45,1995-10-31,AA,-0.7792004861322106
46,1995-10-31,DL,5.130328948465296
47,1995-10-31,UA,2.499898258180042
48,1995-10-31,US,1.820444249306484
49,1995-10-31,WN,0.6650244307929364
50,1995-11-30,AA,-0.2597108155002892
51,1995-11-30,DL,5.944770609949025
52,1995-11-30,UA,3.906482372495845
53,1995-11-30,US,3.9345030721479697
54,1995-11-30,WN,2.522407252620073
55,1995-12-31,AA,6.8070450009072765
56,1995-12-31,DL,12.093315512662512
57,1995-12-31,UA,8.519846782001094
58,1995-12-31,US,7.683903675538657
59,1995-12-31,WN,6.585035862905418
0,1996-01-31,AA,8.980848415206358
1,1996-01-31,DL,16.1922187097116
2,1996-01-31,UA,10.24590054807287
3,1996-01-31,US,9.488965168217923
4,1996-01-31,WN,3.3911617576852024
5,1996-02-29,AA,3.62630014858841
6,1996-02-29,DL,10.178882284746885
7,1996-02-29,UA,5.395518955737095
8,1996-02-29,US,5.758704892828073
9,1996-02-29,WN,2.3290238328436175
10,1996-03-31,AA,1.9836778862411795
11,1996-03-31,DL,7.90334402198809
12,1996-03-31,UA,0.9724612036528566
13,1996-03-31,US,5.291171788906575
14,1996-03-31,WN,1.9326480822301324
15,1996-04-30,AA,3.00613210846604
16,1996-04-30,DL,4.816498522546466
17,1996-04-30,UA,-0.9543380942229802
18,1996-04-30,US,3.135178541631904
19,1996-04-30,WN,0.957011503403256
20,1996-05-31,AA,2.800657274837405
21,1996-05-31,DL,3.5149388443694645
22,1996-05-31,UA,4.431633010870238
23,1996-05-31,US,2.3375671714704445
24,1996-05-31,WN,0.8227087071038669
25,1996-06-30,AA,6.628038123645515
26,1996-06-30,DL,4.847452069923554
27,1996-06-30,UA,4.517769454848106
28,1996-06-30,US,3.5050126387044256
29,1996-06-30,WN,1.8779176658673062
30,1996-07-31,AA,9.023466812197285
31,1996-07-31,DL,4.892351603856557
32,1996-07-31,UA,3.177909153611193
33,1996-07-31,US,3.1855793672115564
34,1996-07-31,WN,0.44279139053875977
35,1996-08-31,AA,8.277273229477405
36,1996-08-31,DL,5.870791688584955
37,1996-08-31,UA,3.6135439289239883
38,1996-08-31,US,3.291487112773396
39,1996-08-31,WN,0.9914686505292768
40,1996-09-30,AA,3.1386452065057155
41,1996-09-30,DL,4.0641136568145635
42,1996-09-30,UA,3.00549813972716
43,1996-09-30,US,0.35985927291003517
44,1996-09-30,WN,2.2871910997341733
45,1996-10-31,AA,3.4951799485861184
46,1996-10-31,DL,4.7476737732214565
47,1996-10-31,UA,4.035298101631442
48,1996-10-31,US,0.7045922694777657
49,1996-10-31,WN,5.303512781608313
50,1996-11-30,AA,-0.10520323627731215
51,1996-11-30,DL,4.8746739853059
52,1996-11-30,UA,1.1420500232764823
53,1996-11-30,US,1.7943429087017646
54,1996-11-30,WN,3.9052992833350157
55,1996-12-31,AA,5.053230137419049
56,1996-12-31,DL,8.226926806817994
57,1996-12-31,UA,11.010083963581057
58,1996-12-31,US,6.500894160208843
59,1996-12-31,WN,9.540440752278759
0,1997-01-31,AA,4.010095630629587
1,1997-01-31,DL,7.680340366927353
2,1997-01-31,UA,9.304469156525387
3,1997-01-31,US,2.695439574872199
4,1997-01-31,WN,7.811540385577404
5,1997-02-28,AA,3.4745229293635727
6,1997-02-28,DL,6.417310936182176
7,1997-02-28,UA,3.900927899129817
8,1997-02-28,US,2.411609025254564
9,1997-02-28,WN,3.2401178594401676
10,1997-03-31,AA,1.3106602845128388
11,1997-03-31,DL,5.377804661666263
12,1997-03-31,UA,1.0118803283864857
13,1997-03-31,US,1.5121861378844619
14,1997-03-31,WN,1.6774343438098247
15,1997-04-30,AA,0.8927653574109031
16,1997-04-30,DL,5.048125115242134
17,1997-04-30,UA,0.43787669001466034
18,1997-04-30,US,1.8275298788304868
19,1997-04-30,WN,2.1805284692745976
20,1997-05-31,AA,-2.396652719665272
21,1997-05-31,DL,3.731256727015695
22,1997-05-31,UA,1.3714771278855686
23,1997-05-31,US,0.5350561662279203
24,1997-05-31,WN,1.3951334733053389
25,1997-06-30,AA,0.6183373747540833
26,1997-06-30,DL,8.855538303987315
27,1997-06-30,UA,5.514492606640839
28,1997-06-30,US,3.442105042193207
29,1997-06-30,WN,3.036426566884939
30,1997-07-31,AA,-0.5622887440627417
31,1997-07-31,DL,6.965938836749026
32,1997-07-31,UA,5.549246330821103
33,1997-07-31,US,3.2281527458073
34,1997-07-31,WN,1.7194948843211355
35,1997-08-31,AA,-3.2947622707807183
36,1997-08-31,DL,4.824224214676332
37,1997-08-31,UA,5.251885458402074
38,1997-08-31,US,2.4230485405050834
39,1997-08-31,WN,2.8685497209953286
40,1997-09-30,AA,-5.454511808655826
41,1997-09-30,DL,1.480984708673873
42,1997-09-30,UA,0.6942810788886635
43,1997-09-30,US,-0.9051959498677903
44,1997-09-30,WN,-0.23718816655847166
45,1997-10-31,AA,-1.463739218102386
46,1997-10-31,DL,2.8984593163216177
47,1997-10-31,UA,3.1956438823647497
48,1997-10-31,US,-0.5224157563999832
49,1997-10-31,WN,2.2738925643607075
50,1997-11-30,AA,-1.6474998231841007
51,1997-11-30,DL,4.904275154824532
52,1997-11-30,UA,1.6757063599168862
53,1997-11-30,US,2.2414314628233356
54,1997-11-30,WN,2.2271287893415717
55,1997-12-31,AA,1.297904674188349
56,1997-12-31,DL,5.376308092297693
57,1997-12-31,UA,4.299140686620449
58,1997-12-31,US,3.3338098641887064
59,1997-12-31,WN,5.43902712605859
0,1998-01-31,AA,-1.8511944450831168
1,1998-01-31,DL,3.391433479426544
2,1998-01-31,UA,6.083716127944709
3,1998-01-31,US,0.19953378937736918
4,1998-01-31,WN,3.032592010183833
5,1998-02-28,AA,-2.8737053208773355
6,1998-02-28,DL,4.0399688225058
7,1998-02-28,UA,4.756697798077578
8,1998-02-28,US,0.22714759652714053
9,1998-02-28,WN,5.294891813517734
10,1998-03-31,AA,-1.0901528519375758
11,1998-03-31,DL,4.085415698280146
12,1998-03-31,UA,3.5708127580344855
13,1998-03-31,US,-0.11755416587707662
14,1998-03-31,WN,4.462784635991746
15,1998-04-30,AA,-3.37098664166862
16,1998-04-30,DL,2.9405600752487664
17,1998-04-30,UA,1.4701543420318601
18,1998-04-30,US,0.49620647169444265
19,1998-04-30,WN,2.6767945099341413
20,1998-05-31,AA,-2.4555616765367487
21,1998-05-31,DL,2.3222287161503994
22,1998-05-31,UA,7.095026367490435
23,1998-05-31,US,1.2567030567685589
24,1998-05-31,WN,2.328426460675181
25,1998-06-30,AA,2.1405499576231284
26,1998-06-30,DL,3.3085809694066852
27,1998-06-30,UA,9.916566576931041
28,1998-06-30,US,8.209091730274151
29,1998-06-30,WN,2.871126084515206
30,1998-07-31,AA,-0.9568807546999073
31,1998-07-31,DL,0.6618307538208019
32,1998-07-31,UA,4.423033286541161
33,1998-07-31,US,0.7055899318300997
34,1998-07-31,WN,1.9077398287882799
35,1998-08-31,AA,0.9837080185673979
36,1998-08-31,DL,-0.04945225384075362
37,1998-08-31,UA,4.158757633513556
38,1998-08-31,US,1.2966258648217137
39,1998-08-31,WN,1.992114733276884
40,1998-09-30,AA,-1.6125035069671747
41,1998-09-30,DL,-1.9780046733719394
42,1998-09-30,UA,1.7523809523809524
43,1998-09-30,US,-2.3323089847895297
44,1998-09-30,WN,0.6869861229956472
45,1998-10-31,AA,0.8858852708944865
46,1998-10-31,DL,-1.7359764908349975
47,1998-10-31,UA,3.244278954309208
48,1998-10-31,US,-0.6980434875475244
49,1998-10-31,WN,2.593582502967733
50,1998-11-30,AA,-2.2275884882566985
51,1998-11-30,DL,-1.0396818624020754
52,1998-11-30,UA,0.04526990242472465
53,1998-11-30,US,-1.28390845382773
54,1998-11-30,WN,1.4182144229537594
55,1998-12-31,AA,-0.5046222803249603
56,1998-12-31,DL,2.3570264262780936
57,1998-12-31,UA,3.9815077371789678
58,1998-12-31,US,10.054486560696741
59,1998-12-31,WN,5.6099378655636745
0,1999-01-31,AA,4.474516695957821
1,1999-01-31,DL,3.6844652121857124
2,1999-01-31,UA,5.6933821650626015
3,1999-01-31,US,10.98382420616659
4,1999-01-31,WN,4.109418257486655
5,1999-02-28,AA,-0.987503463563314
6,1999-02-28,DL,0.2528311398376033
7,1999-02-28,UA,0.4676542448988576
8,1999-02-28,US,2.545171120487576
9,1999-02-28,WN,1.760391985897606
10,1999-03-31,AA,3.1768695139377168
11,1999-03-31,DL,0.7698536079803083
12,1999-03-31,UA,0.28768740408452365
13,1999-03-31,US,3.3907047244934994
14,1999-03-31,WN,2.402828652828653
15,1999-04-30,AA,5.369898079000516
16,1999-04-30,DL,1.703565224584333
17,1999-04-30,UA,5.129730171041352
18,1999-04-30,US,3.4419590958019377
19,1999-04-30,WN,4.138668907202488
20,1999-05-31,AA,8.04512365949434
21,1999-05-31,DL,0.6394885146491778
22,1999-05-31,UA,3.3781825303564434
23,1999-05-31,US,1.925175254675223
24,1999-05-31,WN,3.118964755763625
25,1999-06-30,AA,8.851536588194364
26,1999-06-30,DL,5.289455571037655
27,1999-06-30,UA,6.145980771136882
28,1999-06-30,US,6.343323257658585
29,1999-06-30,WN,4.76252230604781
30,1999-07-31,AA,4.788279439355479
31,1999-07-31,DL,4.263836301978731
32,1999-07-31,UA,6.158258958690749
33,1999-07-31,US,9.7804451334293
34,1999-07-31,WN,3.4291345847382284
35,1999-08-31,AA,0.47467276216764065
36,1999-08-31,DL,1.8739999357388426
37,1999-08-31,UA,5.136555563859203
38,1999-08-31,US,5.427818711446196
39,1999-08-31,WN,1.9978648393664036
40,1999-09-30,AA,-0.05154617414248021
41,1999-09-30,DL,-0.17834307557810652
42,1999-09-30,UA,2.2948730672277247
43,1999-09-30,US,3.0086212874147695
44,1999-09-30,WN,0.5314161637230932
45,1999-10-31,AA,-0.7159821970463282
46,1999-10-31,DL,1.5800096883578234
47,1999-10-31,UA,1.4776449591939171
48,1999-10-31,US,2.588800495919
49,1999-10-31,WN,1.8959939276376825
50,1999-11-30,AA,-2.951359325605901
51,1999-11-30,DL,-0.24439321252394433
52,1999-11-30,UA,-0.6672891059446371
53,1999-11-30,US,1.5331580607845199
54,1999-11-30,WN,3.8076902873351894
55,1999-12-31,AA,-0.03294314381270903
56,1999-12-31,DL,0.7050337430313305
57,1999-12-31,UA,1.2490270866812523
58,1999-12-31,US,1.7608668705065698
59,1999-12-31,WN,4.670531934474508
0,2000-01-31,AA,-1.3979029640386094
1,2000-01-31,DL,1.9409684673086496
2,2000-01-31,UA,4.183011660635303
3,2000-01-31,US,4.5199563697883045
4,2000-01-31,WN,3.7094904857922293
5,2000-02-29,AA,0.4689337252805986
6,2000-02-29,DL,0.6322538929899241
7,2000-02-29,UA,5.419612362493452
8,2000-02-29,US,2.0543195161788725
9,2000-02-29,WN,5.432936698504171
10,2000-03-31,AA,1.20984371828699
11,2000-03-31,DL,0.9282895478633443
12,2000-03-31,UA,3.9788103091201963
13,2000-03-31,US,0.09771780115102202
14,2000-03-31,WN,5.808306919147958
15,2000-04-30,AA,0.9727041307463581
16,2000-04-30,DL,0.9309889522154068
17,2000-04-30,UA,7.931863450805609
18,2000-04-30,US,4.654334491485438
19,2000-04-30,WN,4.096757071433464
20,2000-05-31,AA,1.1016817972639417
21,2000-05-31,DL,-0.16565703250086658
22,2000-05-31,UA,12.517318638730774
23,2000-05-31,US,1.6935093918541937
24,2000-05-31,WN,3.3367948492642947
25,2000-06-30,AA,7.499022025682456
26,2000-06-30,DL,3.507468240945921
27,2000-06-30,UA,18.933922381839675
28,2000-06-30,US,8.816101509516518
29,2000-06-30,WN,7.408359702456885
30,2000-07-31,AA,3.3531795636920845
31,2000-07-31,DL,2.5330123331643857
32,2000-07-31,UA,25.382064380118383
33,2000-07-31,US,4.833112874779541
34,2000-07-31,WN,4.076010580465086
35,2000-08-31,AA,2.823960053315296
36,2000-08-31,DL,1.801448290718677
37,2000-08-31,UA,22.471644251452467
38,2000-08-31,US,6.991926620171459
39,2000-08-31,WN,5.1733798991074895
40,2000-09-30,AA,-0.049114094524641216
41,2000-09-30,DL,0.4812364686071686
42,2000-09-30,UA,3.7203554052939722
43,2000-09-30,US,2.5165364291106442
44,2000-09-30,WN,2.0616459204434405
45,2000-10-31,AA,1.6888813328799728
46,2000-10-31,DL,-0.5713123952962608
47,2000-10-31,UA,5.300658606114224
48,2000-10-31,US,1.1026916550979484
49,2000-10-31,WN,7.4298441676174996
50,2000-11-30,AA,3.435102535694128
51,2000-11-30,DL,6.892659881196374
52,2000-11-30,UA,5.01376391886982
53,2000-11-30,US,3.0312614333916015
54,2000-11-30,WN,4.620313423537117
55,2000-12-31,AA,8.167072356375073
56,2000-12-31,DL,11.527071476088402
57,2000-12-31,UA,8.964585834333734
58,2000-12-31,US,5.499155078689659
59,2000-12-31,WN,9.975151466192745
0,2001-01-31,AA,-0.7569216425473266
1,2001-01-31,DL,2.600462328767123
2,2001-01-31,UA,-0.3306087242257455
3,2001-01-31,US,-0.9436664927978172
4,2001-01-31,WN,3.1417070236589653
5,2001-02-28,AA,3.1769525841523483
6,2001-02-28,DL,3.0874995276423687
7,2001-02-28,UA,3.504832663384671
8,2001-02-28,US,-1.5473039215686275
9,2001-02-28,WN,3.8917174976054847
10,2001-03-31,AA,1.1302420660621761
11,2001-03-31,DL,3.3102230451404964
12,2001-03-31,UA,1.0456417226200376
13,2001-03-31,US,0.551865276533355
14,2001-03-31,WN,2.3528778668768666
15,2001-04-30,AA,-1.4032154871731368
16,2001-04-30,DL,-0.4833897953539823
17,2001-04-30,UA,3.5315674586516663
18,2001-04-30,US,-2.462509897874241
19,2001-04-30,WN,1.0176255664800615
20,2001-05-31,AA,-1.9185104052573931
21,2001-05-31,DL,-1.957981899368702
22,2001-05-31,UA,0.062486477981236355
23,2001-05-31,US,-2.6306911656855165
24,2001-05-31,WN,-0.12935855514469943
25,2001-06-30,AA,0.7068217787186812
26,2001-06-30,DL,3.945966016585038
27,2001-06-30,UA,2.209725705963266
28,2001-06-30,US,2.184684875731614
29,2001-06-30,WN,1.1406091608053524
30,2001-07-31,AA,-0.48403985153350265
31,2001-07-31,DL,0.8313684854250187
32,2001-07-31,UA,3.783152724721291
33,2001-07-31,US,0.4348165015282992
34,2001-07-31,WN,0.4866902415168159
35,2001-08-31,AA,0.4067512195121951
36,2001-08-31,DL,1.659461019884868
37,2001-08-31,UA,4.185777709736681
38,2001-08-31,US,2.5635868898072753
39,2001-08-31,WN,1.125995440954439
40,2001-09-30,AA,2.4948450639327264
41,2001-09-30,DL,-4.887583023753237
42,2001-09-30,UA,-2.723715617185724
43,2001-09-30,US,-3.7660293463761674
44,2001-09-30,WN,-3.3185650224215246
45,2001-10-31,AA,-1.0647571002401106
46,2001-10-31,DL,-5.990174036139562
47,2001-10-31,UA,0.2589154389602874
48,2001-10-31,US,-3.2062853956982305
49,2001-10-31,WN,-1.528709917971663
50,2001-11-30,AA,-2.1250937828239884
51,2001-11-30,DL,-3.1218541072265045
52,2001-11-30,UA,1.3624561303392586
53,2001-11-30,US,-4.514112476170303
54,2001-11-30,WN,-0.9842054419578168
55,2001-12-31,AA,-1.6527008971177706
56,2001-12-31,DL,0.049193483669047425
57,2001-12-31,UA,2.2754259520061857
58,2001-12-31,US,-2.021391506936355
59,2001-12-31,WN,2.22764160996803
0,2002-01-31,AA,-2.9884286911405495
1,2002-01-31,DL,3.417420442397829
2,2002-01-31,UA,-0.2278308693403033
3,2002-01-31,US,-1.6503257587795963
4,2002-01-31,WN,-0.6343380163098561
5,2002-02-28,AA,-4.927122927819459
6,2002-02-28,DL,1.1486301066702076
7,2002-02-28,UA,-2.715820772491757
8,2002-02-28,US,-2.17883707201889
9,2002-02-28,WN,-1.3761980968113847
10,2002-03-31,AA,-1.923409126385348
11,2002-03-31,DL,3.8642470462717826
12,2002-03-31,UA,-0.06613594611145132
13,2002-03-31,US,0.47600371008347686
14,2002-03-31,WN,1.7665153885472653
15,2002-04-30,AA,-4.34129118448219
16,2002-04-30,DL,3.3401815282718017
17,2002-04-30,UA,-1.6611125620266387
18,2002-04-30,US,0.007681544304520403
19,2002-04-30,WN,-0.578740842708185
20,2002-05-31,AA,-4.680201927800647
21,2002-05-31,DL,2.279359821196943
22,2002-05-31,UA,-2.895
23,2002-05-31,US,-1.1732874219646707
24,2002-05-31,WN,0.24953203075447472
25,2002-06-30,AA,-1.8786943019644788
26,2002-06-30,DL,2.4027594066054823
27,2002-06-30,UA,-0.12013696634125018
28,2002-06-30,US,-1.9434576586528678
29,2002-06-30,WN,2.3138901678124055
30,2002-07-31,AA,-2.194162957609999
31,2002-07-31,DL,2.0963980305778698
32,2002-07-31,UA,-3.0003448434410775
33,2002-07-31,US,-3.0840761465568147
34,2002-07-31,WN,2.2561105207226353
35,2002-08-31,AA,-4.242947848804524
36,2002-08-31,DL,-0.39221263240486465
37,2002-08-31,UA,-2.1753173710429055
38,2002-08-31,US,-4.258322125084062
39,2002-08-31,WN,0.7275224317890496
40,2002-09-30,AA,-7.913923914408193
41,2002-09-30,DL,-3.7997797879919686
42,2002-09-30,UA,-6.570283508980259
43,2002-09-30,US,-7.48356309650053
44,2002-09-30,WN,-2.9170152352456262
45,2002-10-31,AA,-5.338158257513096
46,2002-10-31,DL,-0.7948728382502543
47,2002-10-31,UA,-4.201104597645463
48,2002-10-31,US,-5.100757885468097
49,2002-10-31,WN,1.1123816194159384
50,2002-11-30,AA,-5.677578324089342
51,2002-11-30,DL,-0.5777067863926783
52,2002-11-30,UA,-5.199068901303538
53,2002-11-30,US,-5.506099827650299
54,2002-11-30,WN,-0.8154329440193314
55,2002-12-31,AA,-2.849800197968985
56,2002-12-31,DL,1.314332036316472
57,2002-12-31,UA,-1.7150837988826815
58,2002-12-31,US,-0.5725834432031087
59,2002-12-31,WN,2.4352944807048402
0,2003-01-31,AA,-6.295536201350614
1,2003-01-31,DL,-2.8246613653914387
2,2003-01-31,UA,-4.6103398880062505
3,2003-01-31,US,-2.002842827191642
4,2003-01-31,WN,-1.7957865340943964
5,2003-02-28,AA,-3.064778999521926
6,2003-02-28,DL,0.30745940666585275
7,2003-02-28,UA,-3.44515822031882
8,2003-02-28,US,1.7763835526853593
9,2003-02-28,WN,1.0108346435163031
10,2003-03-31,AA,-6.159046822106424
11,2003-03-31,DL,-2.0532910692252053
12,2003-03-31,UA,-4.259409832534597
13,2003-03-31,US,-1.9290374071760705
14,2003-03-31,WN,-1.361249651497785
15,2003-04-30,AA,-5.89813085988476
16,2003-04-30,DL,-4.123567785553315
17,2003-04-30,UA,-5.267692754464934
18,2003-04-30,US,-1.8851481481481482
19,2003-04-30,WN,-2.5303116326015647
20,2003-05-31,AA,-3.894917337350831
21,2003-05-31,DL,-1.5035568372987262
22,2003-05-31,UA,-2.86070339031831
23,2003-05-31,US,0.02978798586572438
24,2003-05-31,WN,-2.548742578258572
25,2003-06-30,AA,-0.7499849364317419
26,2003-06-30,DL,1.1693406695024968
27,2003-06-30,UA,-2.1944205412907705
28,2003-06-30,US,1.500962411476303
29,2003-06-30,WN,-0.836314286610813
30,2003-07-31,AA,1.3813497544505833
31,2003-07-31,DL,2.1012493730336055
32,2003-07-31,UA,-1.0191718601457695
33,2003-07-31,US,2.9481500125849482
34,2003-07-31,WN,-0.5914674053667371
35,2003-08-31,AA,1.9259244880132
36,2003-08-31,DL,2.838763077738048
37,2003-08-31,UA,-1.8305475351646314
38,2003-08-31,US,4.097204597367753
39,2003-08-31,WN,-1.3776789820634678
40,2003-09-30,AA,-4.051555629649696
41,2003-09-30,DL,-1.9233231251007392
42,2003-09-30,UA,-4.860516479782535
43,2003-09-30,US,-2.2232567199065056
44,2003-09-30,WN,-3.0288412859131757
45,2003-10-31,AA,-4.1471749003430975
46,2003-10-31,DL,-0.7541890920183906
47,2003-10-31,UA,-3.19347535528218
48,2003-10-31,US,-2.734055440746811
49,2003-10-31,WN,-1.5827540973719525
50,2003-11-30,AA,0.42085360459973464
51,2003-11-30,DL,0.004796922728815477
52,2003-11-30,UA,2.317682317682318
53,2003-11-30,US,-3.0367483296213806
54,2003-11-30,WN,-0.9637914753671323
55,2003-12-31,AA,2.5082604268406725
56,2003-12-31,DL,3.0869680733294955
57,2003-12-31,UA,3.3204474150866186
58,2003-12-31,US,-0.012653150525087515
59,2003-12-31,WN,0.2157387083809936
0,2004-01-31,AA,5.2105867346938775
1,2004-01-31,DL,2.3334894718058528
2,2004-01-31,UA,4.173535314656476
3,2004-01-31,US,-1.8052147239263803
4,2004-01-31,WN,-0.6989811766167608
5,2004-02-29,AA,1.9192986374804557
6,2004-02-29,DL,4.971031232674182
7,2004-02-29,UA,-0.8517603997211248
8,2004-02-29,US,-4.045668986852282
9,2004-02-29,WN,0.7514257396786196
10,2004-03-31,AA,-1.0261821185215776
11,2004-03-31,DL,-0.2416293814542293
12,2004-03-31,UA,-0.8267894044711629
13,2004-03-31,US,-3.830739441765308
14,2004-03-31,WN,-0.014023506922146389
15,2004-04-30,AA,-2.6962615827031633
16,2004-04-30,DL,0.2717674062739097
17,2004-04-30,UA,-3.354934256055363
18,2004-04-30,US,-3.4449964776982687
19,2004-04-30,WN,1.7493614847607697
20,2004-05-31,AA,-0.28138631480717896
21,2004-05-31,DL,3.0909344431096617
22,2004-05-31,UA,2.808929298412268
23,2004-05-31,US,-3.3602525756065136
24,2004-05-31,WN,1.9441704690356578
25,2004-06-30,AA,5.823801395760863
26,2004-06-30,DL,7.900244519940276
27,2004-06-30,UA,1.4929522317932655
28,2004-06-30,US,0.5071571608692428
29,2004-06-30,WN,4.498604040072261
30,2004-07-31,AA,2.3078655943408144
31,2004-07-31,DL,5.323965601860743
32,2004-07-31,UA,0.773963812064323
33,2004-07-31,US,-0.2979340470478714
34,2004-07-31,WN,3.2236093711751406
35,2004-08-31,AA,3.0927239519177676
36,2004-08-31,DL,3.2634283642876944
37,2004-08-31,UA,-0.7120661321647328
38,2004-08-31,US,0.08144164280226304
39,2004-08-31,WN,3.158831236528085
40,2004-09-30,AA,-5.495526838966203
41,2004-09-30,DL,0.4157631954350927
42,2004-09-30,UA,-6.013896852049035
43,2004-09-30,US,-3.661845854221517
44,2004-09-30,WN,-1.388511957756424
45,2004-10-31,AA,-1.289730110199503
46,2004-10-31,DL,1.5542006864354387
47,2004-10-31,UA,-2.2759770574896625
48,2004-10-31,US,-0.9259623581874221
49,2004-10-31,WN,2.411860631033328
50,2004-11-30,AA,-0.7387644910274734
51,2004-11-30,DL,2.6322892737232726
52,2004-11-30,UA,-3.5022075055187636
53,2004-11-30,US,0.474257963730218
54,2004-11-30,WN,0.9775718712607001
55,2004-12-31,AA,4.066194158075602
56,2004-12-31,DL,3.286849870084115
57,2004-12-31,UA,2.3625794317955147
58,2004-12-31,US,5.510373026778832
59,2004-12-31,WN,4.226100765121987
0,2005-01-31,AA,4.424896136499966
1,2005-01-31,DL,1.7747674706663965
2,2005-01-31,UA,5.7880456517057866
3,2005-01-31,US,4.394066317626527
4,2005-01-31,WN,2.9939334608938135
5,2005-02-28,AA,-1.3263782907287296
6,2005-02-28,DL,1.5195051451034802
7,2005-02-28,UA,-0.9745323115022925
8,2005-02-28,US,1.8971472791867459
9,2005-02-28,WN,1.4467651308396212
10,2005-03-31,AA,0.09169285653614202
11,2005-03-31,DL,2.08014291946239
12,2005-03-31,UA,0.12966153846153847
13,2005-03-31,US,5.2927474031224735
14,2005-03-31,WN,1.5436261544771792
15,2005-04-30,AA,-3.1288729232150874
16,2005-04-30,DL,-1.0779158491388707
17,2005-04-30,UA,-4.460331299040976
18,2005-04-30,US,-0.6179778923141755
19,2005-04-30,WN,-0.6838187986196409
20,2005-05-31,AA,-2.8304374135546335
21,2005-05-31,DL,-2.3296459249947623
22,2005-05-31,UA,-0.9447263666474217
23,2005-05-31,US,-2.7807213848482855
24,2005-05-31,WN,-0.9677268541474817
25,2005-06-30,AA,4.046830985915493
26,2005-06-30,DL,3.0808015800803354
27,2005-06-30,UA,5.544830965213131
28,2005-06-30,US,3.525167958656331
29,2005-06-30,WN,1.8457908070937388
30,2005-07-31,AA,8.09366861809621
31,2005-07-31,DL,8.375899241248113
32,2005-07-31,UA,3.9208717317563715
33,2005-07-31,US,6.593060479845788
34,2005-07-31,WN,3.7256691938728146
35,2005-08-31,AA,3.330195960722096
36,2005-08-31,DL,5.2744403887594
37,2005-08-31,UA,-1.3778140778140777
38,2005-08-31,US,-0.7686378828183617
39,2005-08-31,WN,2.2618029338422745
40,2005-09-30,AA,-1.052036359343643
41,2005-09-30,DL,-1.8686513099155633
42,2005-09-30,UA,-2.2613853199338507
43,2005-09-30,US,-4.935749204624816
44,2005-09-30,WN,-0.40297577546691193
45,2005-10-31,AA,-1.2508197478409457
46,2005-10-31,DL,0.18815217933995707
47,2005-10-31,UA,-1.676212598184541
48,2005-10-31,US,-1.0604215637162344
49,2005-10-31,WN,1.0577162414436838
50,2005-11-30,AA,0.5614873528383262
51,2005-11-30,DL,1.456335040612551
52,2005-11-30,UA,-1.6471817606079797
53,2005-11-30,US,-2.138667869739972
54,2005-11-30,WN,-1.1130805866674434
55,2005-12-31,AA,6.132482758620689
56,2005-12-31,DL,3.8196062233236954
57,2005-12-31,UA,6.466151402211768
58,2005-12-31,US,0.931841922005571
59,2005-12-31,WN,2.348145422639854
0,2006-01-31,AA,-0.17005777442853554
1,2006-01-31,DL,0.5908732838172406
2,2006-01-31,UA,0.9592200801201802
3,2006-01-31,US,-1.7613639590017318
4,2006-01-31,WN,-2.1263956999972295
5,2006-02-28,AA,1.536638421651701
6,2006-02-28,DL,1.5970168080476805
7,2006-02-28,UA,1.5703886782231853
8,2006-02-28,US,-0.7528993400397258
9,2006-02-28,WN,0.5815223193179911
10,2006-03-31,AA,3.3153721755536587
11,2006-03-31,DL,-0.480663434827605
12,2006-03-31,UA,5.877653564845097
13,2006-03-31,US,-1.3772343214076574
14,2006-03-31,WN,0.6465453963085054
15,2006-04-30,AA,1.7227910416714818
16,2006-04-30,DL,-2.0270071921326873
17,2006-04-30,UA,1.2260318043937861
18,2006-04-30,US,0.2558098068350669
19,2006-04-30,WN,1.397170423449093
20,2006-05-31,AA,1.8002410022053976
21,2006-05-31,DL,-1.7110812826249069
22,2006-05-31,UA,3.1055112079884535
23,2006-05-31,US,-0.39560183838501367
24,2006-05-31,WN,-0.09591911572109592
25,2006-06-30,AA,2.3791672494987646
26,2006-06-30,DL,2.557613353711529
27,2006-06-30,UA,4.930298804189786
28,2006-06-30,US,4.152914481955048
29,2006-06-30,WN,3.6117341941535956
30,2006-07-31,AA,2.0485832741599284
31,2006-07-31,DL,0.8967432837575686
32,2006-07-31,UA,3.2240393682225363
33,2006-07-31,US,4.49097548564758
34,2006-07-31,WN,1.8178597589398682
35,2006-08-31,AA,1.718864950078823
36,2006-08-31,DL,1.3317499855181603
37,2006-08-31,UA,0.8387005569849303
38,2006-08-31,US,2.226983327904291
39,2006-08-31,WN,0.08256470897385364
40,2006-09-30,AA,1.3083786455758775
41,2006-09-30,DL,6.278945015645954
42,2006-09-30,UA,1.8945810351812034
43,2006-09-30,US,1.2954351275479068
44,2006-09-30,WN,-1.7589087462767399
45,2006-10-31,AA,0.9630677798217065
46,2006-10-31,DL,7.619541875447387
47,2006-10-31,UA,3.1225131831255992
48,2006-10-31,US,3.002525545750116
49,2006-10-31,WN,0.05067333237361113
50,2006-11-30,AA,0.318685413354531
51,2006-11-30,DL,2.2315579432079815
52,2006-11-30,UA,-0.9565996908809892
53,2006-11-30,US,2.633918022357539
54,2006-11-30,WN,-1.5668921227027397
55,2006-12-31,AA,6.2680276667544215
56,2006-12-31,DL,-1.1482596425211664
57,2006-12-31,UA,3.105463390295622
58,2006-12-31,US,4.6895564661926
59,2006-12-31,WN,1.447478907056914
0,2007-01-31,AA,5.728296963946869
1,2007-01-31,DL,-0.7537224249862731
2,2007-01-31,UA,2.9825757344175097
3,2007-01-31,US,4.26620875018665
4,2007-01-31,WN,-1.50553127829613
5,2007-02-28,AA,7.147995126860533
6,2007-02-28,DL,0.44269727609657805
7,2007-02-28,UA,7.45971188309898
8,2007-02-28,US,10.234917640718159
9,2007-02-28,WN,0.8763422843238675
10,2007-03-31,AA,3.3870149989437364
11,2007-03-31,DL,-0.17039751208547588
12,2007-03-31,UA,3.393234547493949
13,2007-03-31,US,13.913898771263716
14,2007-03-31,WN,-0.742520352345977
15,2007-04-30,AA,4.466537079868116
16,2007-04-30,DL,-0.8035055054412379
17,2007-04-30,UA,2.8416221061416254
18,2007-04-30,US,9.313521273021594
19,2007-04-30,WN,-1.3234713491609953
20,2007-05-31,AA,4.610929968812021
21,2007-05-31,DL,-1.9900870174991234
22,2007-05-31,UA,1.3710782114550621
23,2007-05-31,US,6.274563383628371
24,2007-05-31,WN,-0.5140133677654565
25,2007-06-30,AA,15.427304078368653
26,2007-06-30,DL,7.433385189794649
27,2007-06-30,UA,8.724739000745712
28,2007-06-30,US,10.257319096972164
29,2007-06-30,WN,3.615088677720925
30,2007-07-31,AA,10.764350169928512
31,2007-07-31,DL,9.156153681833441
32,2007-07-31,UA,4.689334976109626
33,2007-07-31,US,7.481234310904304
34,2007-07-31,WN,3.426183364676672
35,2007-08-31,AA,5.690470626723372
36,2007-08-31,DL,6.227334276171275
37,2007-08-31,UA,7.384769953606572
38,2007-08-31,US,5.351743214079455
39,2007-08-31,WN,2.018926788685524
40,2007-09-30,AA,-0.40037253075829615
41,2007-09-30,DL,-0.9339528280579485
42,2007-09-30,UA,-1.1015848768378842
43,2007-09-30,US,-1.2256932953868556
44,2007-09-30,WN,-1.654337461781624
45,2007-10-31,AA,1.6809874364273938
46,2007-10-31,DL,-0.1543108182317408
47,2007-10-31,UA,1.6210059718032384
48,2007-10-31,US,1.6163585083046068
49,2007-10-31,WN,0.06552695987539865
50,2007-11-30,AA,1.999537251272559
51,2007-11-30,DL,-2.85015762925599
52,2007-11-30,UA,0.6010966192979041
53,2007-11-30,US,-2.584600791548098
54,2007-11-30,WN,-1.898149214023509
55,2007-12-31,AA,12.62247555402683
56,2007-12-31,DL,4.228210785904341
57,2007-12-31,UA,14.860712648195454
58,2007-12-31,US,0.0911250963267403
59,2007-12-31,WN,4.142334573612229
0,2008-01-31,AA,6.718732466518674
1,2008-01-31,DL,-0.8675925616799652
2,2008-01-31,UA,9.838136195861976
3,2008-01-31,US,-2.808268733850129
4,2008-01-31,WN,1.24001881723758
5,2008-02-29,AA,9.703228222204391
6,2008-02-29,DL,0.8924017283169986
7,2008-02-29,UA,7.091639871382637
8,2008-02-29,US,-1.1414847462295985
9,2008-02-29,WN,3.9390709619043816
10,2008-03-31,AA,8.845340582993506
11,2008-03-31,DL,4.099432355723747
12,2008-03-31,UA,3.142623466498899
13,2008-03-31,US,-2.7165683850104623
14,2008-03-31,WN,3.9843124778208785
15,2008-04-30,AA,5.9193926155951475
16,2008-04-30,DL,1.743700287413943
17,2008-04-30,UA,2.631251209911596
18,2008-04-30,US,-3.2460409296789763
19,2008-04-30,WN,-0.6645810832619518
20,2008-05-31,AA,6.726161542273296
21,2008-05-31,DL,-1.412849959228051
22,2008-05-31,UA,2.733041230614046
23,2008-05-31,US,-4.64146404054661
24,2008-05-31,WN,0.1690473337327741
25,2008-06-30,AA,14.490385098157352
26,2008-06-30,DL,4.145033045928809
27,2008-06-30,UA,12.724400698523576
28,2008-06-30,US,-0.5391064207515535
29,2008-06-30,WN,2.74847164814494
30,2008-07-31,AA,5.981995677062303
31,2008-07-31,DL,5.877194690552689
32,2008-07-31,UA,5.371997020299212
33,2008-07-31,US,-1.944314504501618
34,2008-07-31,WN,-1.4909341456338845
35,2008-08-31,AA,4.60443543579349
36,2008-08-31,DL,1.1313786855542745
37,2008-08-31,UA,1.917057462639905
38,2008-08-31,US,-3.299265970109774
39,2008-08-31,WN,-2.167258125913283
40,2008-09-30,AA,-1.7177146454710002
41,2008-09-30,DL,-1.8262053279112245
42,2008-09-30,UA,-1.411163125675189
43,2008-09-30,US,-4.166262556286803
44,2008-09-30,WN,-5.20200641331084
45,2008-10-31,AA,-2.322712032782814
46,2008-10-31,DL,-0.43874745252806263
47,2008-10-31,UA,-6.346560473639696
48,2008-10-31,US,-5.090612711323228
49,2008-10-31,WN,-4.641438448195832
50,2008-11-30,AA,-5.847674936032929
51,2008-11-30,DL,1.2934870550161812
52,2008-11-30,UA,-7.9322793676205725
53,2008-11-30,US,-2.601905373581674
54,2008-11-30,WN,-5.1782940744652075
55,2008-12-31,AA,3.4982918757339596
56,2008-12-31,DL,7.3917724349052385
57,2008-12-31,UA,4.460166844581504
58,2008-12-31,US,2.285241265132963
59,2008-12-31,WN,6.904988279050276
