,date,Origin,DepDelay
0,1994-01-31,ATL,10.237541792708168
1,1994-01-31,DFW,10.39906623026569
2,1994-01-31,LAX,7.876447876447877
3,1994-01-31,ORD,15.161087267525035
4,1994-01-31,STL,14.452738639544648
5,1994-02-28,ATL,9.509384775808133
6,1994-02-28,DFW,8.470867637745409
7,1994-02-28,LAX,9.352858744394618
8,1994-02-28,ORD,12.215395624616642
9,1994-02-28,STL,6.952185655696709
10,1994-03-31,ATL,7.897180932854946
11,1994-03-31,DFW,6.0956481048198405
12,1994-03-31,LAX,6.321654741343861
13,1994-03-31,ORD,3.7240120815504656
14,1994-03-31,STL,4.619502216160927
15,1994-04-30,ATL,8.58497772119669
16,1994-04-30,DFW,8.198789639312515
17,1994-04-30,LAX,5.305473310210642
18,1994-04-30,ORD,5.578062939199511
19,1994-04-30,STL,7.60317880794702
20,1994-05-31,ATL,5.1510091552226385
21,1994-05-31,DFW,6.240220019915596
22,1994-05-31,LAX,4.340916372957386
23,1994-05-31,ORD,2.593178947368421
24,1994-05-31,STL,2.4276148499745718
25,1994-06-30,ATL,10.34475886807493
26,1994-06-30,DFW,6.796038749280645
27,1994-06-30,LAX,4.96702681072429
28,1994-06-30,ORD,6.931433581762385
29,1994-06-30,STL,6.620260237886166
30,1994-07-31,ATL,10.973744228736718
31,1994-07-31,DFW,9.647637257579897
32,1994-07-31,LAX,6.206296099155958
33,1994-07-31,ORD,8.122387155407452
34,1994-07-31,STL,5.103188232658852
35,1994-08-31,ATL,6.74910022903261
36,1994-08-31,DFW,6.733351392839406
37,1994-08-31,LAX,5.513670565447367
38,1994-08-31,ORD,6.374012770962864
39,1994-08-31,STL,4.267528881784495
40,1994-09-30,ATL,4.593710835137291
41,1994-09-30,DFW,4.680319447039044
42,1994-09-30,LAX,3.922435105067985
43,1994-09-30,ORD,3.682592054902996
44,1994-09-30,STL,2.0411600332301187
45,1994-10-31,ATL,6.594588721069217
46,1994-10-31,DFW,14.621463770761087
47,1994-10-31,LAX,5.429294755877034
48,1994-10-31,ORD,3.4422727080424758
49,1994-10-31,STL,5.825356665963876
50,1994-11-30,ATL,7.159001239995491
51,1994-11-30,DFW,8.06091734352604
52,1994-11-30,LAX,8.847639972725206
53,1994-11-30,ORD,7.3382702751223015
54,1994-11-30,STL,9.215402949500968
55,1994-12-31,ATL,7.780641653072322
56,1994-12-31,DFW,13.841925980482415
57,1994-12-31,LAX,9.578381840176474
58,1994-12-31,ORD,6.340938609403412
59,1994-12-31,STL,11.069509345794392
0,1995-01-31,ATL,8.828467345969061
1,1995-01-31,DFW,12.230440528634361
2,1995-01-31,LAX,15.431681109185442
3,1995-01-31,ORD,12.733198499978933
4,1995-01-31,STL,19.63622164373373
5,1995-02-28,ATL,11.207989705796338
6,1995-02-28,DFW,11.40813924981613
7,1995-02-28,LAX,8.847068625965763
8,1995-02-28,ORD,7.458611361587016
9,1995-02-28,STL,8.41480785786961
10,1995-03-31,ATL,8.618257044097623
11,1995-03-31,DFW,16.30873871890821
12,1995-03-31,LAX,10.40353827525898
13,1995-03-31,ORD,9.444019485486534
14,1995-03-31,STL,5.539171466241066
15,1995-04-30,ATL,9.167009194159006
16,1995-04-30,DFW,11.458920241998799
17,1995-04-30,LAX,7.9714344430743935
18,1995-04-30,ORD,10.033310873410258
19,1995-04-30,STL,7.598636495503336
20,1995-05-31,ATL,8.697216915371508
21,1995-05-31,DFW,9.52311244516278
22,1995-05-31,LAX,7.995923636116584
23,1995-05-31,ORD,8.133223276929426
24,1995-05-31,STL,13.746996466431096
25,1995-06-30,ATL,12.911824909463077
26,1995-06-30,DFW,8.043567800100682
27,1995-06-30,LAX,10.991258978181325
28,1995-06-30,ORD,13.553716571909876
29,1995-06-30,STL,9.946648141715874
30,1995-07-31,ATL,10.511774102128099
31,1995-07-31,DFW,9.222251423565485
32,1995-07-31,LAX,8.186390918580376
33,1995-07-31,ORD,11.50615823817292
34,1995-07-31,STL,7.646329966329966
35,1995-08-31,ATL,11.651220879849111
36,1995-08-31,DFW,7.001828312728539
37,1995-08-31,LAX,8.835858907423914
38,1995-08-31,ORD,15.148971160402711
39,1995-08-31,STL,11.004977105315549
40,1995-09-30,ATL,7.3100048228926635
41,1995-09-30,DFW,5.566666666666666
42,1995-09-30,LAX,6.375247457164312
43,1995-09-30,ORD,6.24804144553955
44,1995-09-30,STL,5.359275575134606
45,1995-10-31,ATL,11.182426906563075
46,1995-10-31,DFW,6.843822334803686
47,1995-10-31,LAX,9.21876442275994
48,1995-10-31,ORD,7.481744176674458
49,1995-10-31,STL,6.613681559061382
50,1995-11-30,ATL,14.133239755979053
51,1995-11-30,DFW,6.922657850623953
52,1995-11-30,LAX,14.364990820505579
53,1995-11-30,ORD,14.083000043005203
54,1995-11-30,STL,9.636165424110283
55,1995-12-31,ATL,20.153566009104704
56,1995-12-31,DFW,16.325653586845807
57,1995-12-31,LAX,16.7805513646962
58,1995-12-31,ORD,17.736096336326113
59,1995-12-31,STL,23.320433436532507
0,1996-01-31,ATL,24.0855151045701
1,1996-01-31,DFW,17.167501363613823
2,1996-01-31,LAX,14.057257729100236
3,1996-01-31,ORD,21.6999417536628
4,1996-01-31,STL,23.167993054550717
5,1996-02-29,ATL,16.445711479703185
6,1996-02-29,DFW,11.094597480247705
7,1996-02-29,LAX,14.067591990168438
8,1996-02-29,ORD,11.814116283217407
9,1996-02-29,STL,10.4116499241165
10,1996-03-31,ATL,16.05224138783176
11,1996-03-31,DFW,9.280701754385966
12,1996-03-31,LAX,10.449055081041092
13,1996-03-31,ORD,11.141551006960174
14,1996-03-31,STL,12.009817197020988
15,1996-04-30,ATL,10.052415471181629
16,1996-04-30,DFW,12.193619582664526
17,1996-04-30,LAX,7.214163413464831
18,1996-04-30,ORD,10.668701583024587
19,1996-04-30,STL,9.670877338303306
20,1996-05-31,ATL,8.00983574309039
21,1996-05-31,DFW,7.957771005659556
22,1996-05-31,LAX,7.970237306111627
23,1996-05-31,ORD,18.735902926481085
24,1996-05-31,STL,12.905890272635476
25,1996-06-30,ATL,10.779473657522438
26,1996-06-30,DFW,12.86133133881825
27,1996-06-30,LAX,9.321497568449804
28,1996-06-30,ORD,15.63735855290328
29,1996-06-30,STL,12.17456703236045
30,1996-07-31,ATL,10.702139276319055
31,1996-07-31,DFW,16.314188532555878
32,1996-07-31,LAX,10.084800918836141
33,1996-07-31,ORD,14.772152406953868
34,1996-07-31,STL,12.845105411575132
35,1996-08-31,ATL,11.383607526352083
36,1996-08-31,DFW,15.40711386965863
37,1996-08-31,LAX,10.65971480620642
38,1996-08-31,ORD,12.072249200521142
39,1996-08-31,STL,12.407001461405606
40,1996-09-30,ATL,7.334468524251806
41,1996-09-30,DFW,8.67491921451653
42,1996-09-30,LAX,9.109467652741689
43,1996-09-30,ORD,8.412010642341315
44,1996-09-30,STL,9.0822811746347
45,1996-10-31,ATL,7.26229751086527
46,1996-10-31,DFW,11.276827001001097
47,1996-10-31,LAX,12.912119842448504
48,1996-10-31,ORD,9.068455284552845
49,1996-10-31,STL,10.824274370208105
50,1996-11-30,ATL,8.6024651716816
51,1996-11-30,DFW,8.439406139909412
52,1996-11-30,LAX,10.847932292025046
53,1996-11-30,ORD,6.650756345611486
54,1996-11-30,STL,9.733032344015987
55,1996-12-31,ATL,13.909068248666435
56,1996-12-31,DFW,14.832867232307912
57,1996-12-31,LAX,20.809912420382165
58,1996-12-31,ORD,16.719139767123856
59,1996-12-31,STL,17.815191855912296
0,1997-01-31,ATL,11.360105825388109
1,1997-01-31,DFW,12.33433320220299
2,1997-01-31,LAX,16.065334915611814
3,1997-01-31,ORD,16.284928918094746
4,1997-01-31,STL,15.321940708819378
5,1997-02-28,ATL,14.63286369593709
6,1997-02-28,DFW,12.898400802237822
7,1997-02-28,LAX,9.683073142526743
8,1997-02-28,ORD,12.721243191284845
9,1997-02-28,STL,11.681949996081197
10,1997-03-31,ATL,11.331496062992127
11,1997-03-31,DFW,10.193671782762692
12,1997-03-31,LAX,9.805106217111675
13,1997-03-31,ORD,8.475635980038138
14,1997-03-31,STL,9.565869699253271
15,1997-04-30,ATL,12.29503602882306
16,1997-04-30,DFW,11.795938389090553
17,1997-04-30,LAX,7.877181429041817
18,1997-04-30,ORD,10.044847130859294
19,1997-04-30,STL,7.538141181370167
20,1997-05-31,ATL,11.170302942734672
21,1997-05-31,DFW,6.359529702970297
22,1997-05-31,LAX,7.205651089944384
23,1997-05-31,ORD,6.284685337196201
24,1997-05-31,STL,4.574574102754023
25,1997-06-30,ATL,14.089573802070792
26,1997-06-30,DFW,12.16955153422502
27,1997-06-30,LAX,10.639017096795163
28,1997-06-30,ORD,11.415800839343193
29,1997-06-30,STL,6.687321258341277
30,1997-07-31,ATL,12.536459554513481
31,1997-07-31,DFW,12.039166350170907
32,1997-07-31,LAX,8.410021786492374
33,1997-07-31,ORD,12.01798975417974
34,1997-07-31,STL,6.2424796084828715
35,1997-08-31,ATL,7.779533095818489
36,1997-08-31,DFW,5.918799981072256
37,1997-08-31,LAX,11.037962962962963
38,1997-08-31,ORD,9.731246026700573
39,1997-08-31,STL,7.613138686131387
40,1997-09-30,ATL,5.708064906757084
41,1997-09-30,DFW,4.790131383977082
42,1997-09-30,LAX,4.7736391557211
43,1997-09-30,ORD,6.019785963165754
44,1997-09-30,STL,3.6302054794520546
45,1997-10-31,ATL,7.1322510117690845
46,1997-10-31,DFW,9.046787809414795
47,1997-10-31,LAX,7.758336
48,1997-10-31,ORD,7.127985868561564
49,1997-10-31,STL,5.853159851301116
50,1997-11-30,ATL,12.044926262330305
51,1997-11-30,DFW,5.425158434765114
52,1997-11-30,LAX,9.59525584547611
53,1997-11-30,ORD,7.073649967469096
54,1997-11-30,STL,11.590535868625757
55,1997-12-31,ATL,10.141559779046906
56,1997-12-31,DFW,13.617086304759132
57,1997-12-31,LAX,10.885009188763455
58,1997-12-31,ORD,10.82255340707591
59,1997-12-31,STL,16.611238931883147
0,1998-01-31,ATL,10.917204904989235
1,1998-01-31,DFW,8.854704189630786
2,1998-01-31,LAX,10.967858820371736
3,1998-01-31,ORD,11.682132067328443
4,1998-01-31,STL,10.581630488580924
5,1998-02-28,ATL,10.481893576469377
6,1998-02-28,DFW,6.40793231664601
7,1998-02-28,LAX,14.64535058681914
8,1998-02-28,ORD,6.935101890949146
9,1998-02-28,STL,9.212961567445365
10,1998-03-31,ATL,10.842613111726685
11,1998-03-31,DFW,9.944728015166982
12,1998-03-31,LAX,10.816437073692658
13,1998-03-31,ORD,11.163596106446088
14,1998-03-31,STL,16.410205615137645
15,1998-04-30,ATL,12.434312732185072
16,1998-04-30,DFW,7.10608948635634
17,1998-04-30,LAX,8.843246209782533
18,1998-04-30,ORD,9.019545071609098
19,1998-04-30,STL,10.122656031346208
20,1998-05-31,ATL,9.748620478234212
21,1998-05-31,DFW,7.448258804907004
22,1998-05-31,LAX,9.576430572228892
23,1998-05-31,ORD,15.385551777693825
24,1998-05-31,STL,15.093719469644103
25,1998-06-30,ATL,12.817950847706063
26,1998-06-30,DFW,11.979205572099128
27,1998-06-30,LAX,10.756108959807719
28,1998-06-30,ORD,17.126795170514722
29,1998-06-30,STL,19.54132289190323
30,1998-07-31,ATL,10.149004739336492
31,1998-07-31,DFW,9.584155996481282
32,1998-07-31,LAX,8.648145763584857
33,1998-07-31,ORD,10.87195392113425
34,1998-07-31,STL,12.620388680531878
35,1998-08-31,ATL,9.145287834388883
36,1998-08-31,DFW,9.489468797341543
37,1998-08-31,LAX,9.852545198102321
38,1998-08-31,ORD,14.791878993771737
39,1998-08-31,STL,7.586956521739131
40,1998-09-30,ATL,6.527685991789326
41,1998-09-30,DFW,6.221927083333333
42,1998-09-30,LAX,6.467686034658512
43,1998-09-30,ORD,10.453584714237403
44,1998-09-30,STL,5.079971181556196
45,1998-10-31,ATL,5.433689238550155
46,1998-10-31,DFW,10.440361415375296
47,1998-10-31,LAX,7.197793690729631
48,1998-10-31,ORD,10.469150221506242
49,1998-10-31,STL,5.109713819590782
50,1998-11-30,ATL,5.2003606589336195
51,1998-11-30,DFW,6.582821769409337
52,1998-11-30,LAX,7.3927840676578915
53,1998-11-30,ORD,6.24286264606429
54,1998-11-30,STL,6.150552386453896
55,1998-12-31,ATL,9.348
56,1998-12-31,DFW,11.063884069803041
57,1998-12-31,LAX,12.761930081084675
58,1998-12-31,ORD,10.002925198495612
59,1998-12-31,STL,14.396047156726768
0,1999-01-31,ATL,13.023376007586533
1,1999-01-31,DFW,12.922827463896631
2,1999-01-31,LAX,9.8095656285888
3,1999-01-31,ORD,21.192524584051824
4,1999-01-31,STL,24.42278916654197
5,1999-02-28,ATL,7.837826859609038
6,1999-02-28,DFW,7.6277696579947385
7,1999-02-28,LAX,7.992817059483726
8,1999-02-28,ORD,9.046645307199396
9,1999-02-28,STL,7.8721062618595825
10,1999-03-31,ATL,10.374862587028215
11,1999-03-31,DFW,11.990227850625716
12,1999-03-31,LAX,9.152579221292575
13,1999-03-31,ORD,10.894360669283206
14,1999-03-31,STL,8.014198369565218
15,1999-04-30,ATL,10.568679775280899
16,1999-04-30,DFW,12.84045362746621
17,1999-04-30,LAX,10.462756241120358
18,1999-04-30,ORD,13.701101340391018
19,1999-04-30,STL,9.416410828914318
20,1999-05-31,ATL,12.204357418643133
21,1999-05-31,DFW,16.886725663716813
22,1999-05-31,LAX,7.857357259380098
23,1999-05-31,ORD,12.386217612228615
24,1999-05-31,STL,9.15146757679181
25,1999-06-30,ATL,16.03697946108913
26,1999-06-30,DFW,15.638229927007298
27,1999-06-30,LAX,10.119200524246395
28,1999-06-30,ORD,17.992257731515334
29,1999-06-30,STL,20.05941208942865
30,1999-07-31,ATL,15.515550405561992
31,1999-07-31,DFW,13.604574047886087
32,1999-07-31,LAX,10.114905252448175
33,1999-07-31,ORD,16.34292793722899
34,1999-07-31,STL,14.24230846571486
35,1999-08-31,ATL,12.019155340691416
36,1999-08-31,DFW,7.71242774566474
37,1999-08-31,LAX,11.1925625
38,1999-08-31,ORD,10.217755110172531
39,1999-08-31,STL,7.362036249427469
40,1999-09-30,ATL,8.664674952198853
41,1999-09-30,DFW,5.080848277251662
42,1999-09-30,LAX,10.789506636614075
43,1999-09-30,ORD,6.427925835198716
44,1999-09-30,STL,3.937750862615309
45,1999-10-31,ATL,12.000542740841249
46,1999-10-31,DFW,4.968043498998378
47,1999-10-31,LAX,8.059374244986712
48,1999-10-31,ORD,7.33679460042334
49,1999-10-31,STL,5.073514602215509
50,1999-11-30,ATL,6.268463586677255
51,1999-11-30,DFW,4.5869969351354065
52,1999-11-30,LAX,10.658520027155465
53,1999-11-30,ORD,5.834305916428845
54,1999-11-30,STL,5.038467038467038
55,1999-12-31,ATL,8.254263355498258
56,1999-12-31,DFW,7.217895362663496
57,1999-12-31,LAX,8.005824557274813
58,1999-12-31,ORD,12.149185444905289
59,1999-12-31,STL,7.983316768422547
0,2000-01-31,ATL,10.19661242112255
1,2000-01-31,DFW,7.03393927186666
2,2000-01-31,LAX,9.341319172047553
3,2000-01-31,ORD,11.692055328959036
4,2000-01-31,STL,8.001956947162427
5,2000-02-29,ATL,8.802457376893038
6,2000-02-29,DFW,9.658054630950494
7,2000-02-29,LAX,14.758078039342148
8,2000-02-29,ORD,10.055068720597731
9,2000-02-29,STL,8.471175669541534
10,2000-03-31,ATL,9.011400795404331
11,2000-03-31,DFW,14.189391727493918
12,2000-03-31,LAX,11.42434711324511
13,2000-03-31,ORD,9.926566314076485
14,2000-03-31,STL,9.464757247642334
15,2000-04-30,ATL,10.133925285241075
16,2000-04-30,DFW,10.373721439112513
17,2000-04-30,LAX,12.736596595383777
18,2000-04-30,ORD,15.499784017278618
19,2000-04-30,STL,9.51036026279691
20,2000-05-31,ATL,9.480096777138684
21,2000-05-31,DFW,13.473689445936536
22,2000-05-31,LAX,12.202027898253428
23,2000-05-31,ORD,18.086312454510423
24,2000-05-31,STL,14.4527981910684
25,2000-06-30,ATL,13.649662731871839
26,2000-06-30,DFW,20.2473460177445
27,2000-06-30,LAX,16.315786367660078
28,2000-06-30,ORD,24.683254934716665
29,2000-06-30,STL,19.261719029557003
30,2000-07-31,ATL,14.742428504453821
31,2000-07-31,DFW,10.78124847716973
32,2000-07-31,LAX,15.410473731477325
33,2000-07-31,ORD,27.94509987648537
34,2000-07-31,STL,13.917727717923604
35,2000-08-31,ATL,11.292773935202039
36,2000-08-31,DFW,9.360749107056666
37,2000-08-31,LAX,14.728345371340353
38,2000-08-31,ORD,25.058450556372033
39,2000-08-31,STL,11.277929901423878
40,2000-09-30,ATL,10.249589807933598
41,2000-09-30,DFW,6.705399655556681
42,2000-09-30,LAX,9.375468823253634
43,2000-09-30,ORD,12.10885120777137
44,2000-09-30,STL,6.363616203429923
45,2000-10-31,ATL,5.556844442430559
46,2000-10-31,DFW,7.7038442822384425
47,2000-10-31,LAX,16.400942860388504
48,2000-10-31,ORD,8.537302581088177
49,2000-10-31,STL,11.3567335243553
50,2000-11-30,ATL,12.201089051657672
51,2000-11-30,DFW,12.305819722968783
52,2000-11-30,LAX,12.405516747268493
53,2000-11-30,ORD,14.054783177162781
54,2000-11-30,STL,8.46412674462467
55,2000-12-31,ATL,22.358392839183345
56,2000-12-31,DFW,14.02613782739373
57,2000-12-31,LAX,15.611451822148839
58,2000-12-31,ORD,30.951139454187377
59,2000-12-31,STL,21.54632364371211
0,2001-01-31,ATL,9.149674518802978
1,2001-01-31,DFW,8.181071640903687
2,2001-01-31,LAX,10.78679168365267
3,2001-01-31,ORD,10.6161183500108
4,2001-01-31,STL,8.755122728260083
5,2001-02-28,ATL,10.85856428422588
6,2001-02-28,DFW,12.766000495499215
7,2001-02-28,LAX,13.020363142711691
8,2001-02-28,ORD,12.642223018432263
9,2001-02-28,STL,12.445464889466841
10,2001-03-31,ATL,11.757754662168495
11,2001-03-31,DFW,11.17981072555205
12,2001-03-31,LAX,10.818121693121693
13,2001-03-31,ORD,11.045409882088714
14,2001-03-31,STL,6.937437005039597
15,2001-04-30,ATL,8.295500047668986
16,2001-04-30,DFW,6.766697128931536
17,2001-04-30,LAX,9.963874947720619
18,2001-04-30,ORD,15.488727220341424
19,2001-04-30,STL,6.188124765125893
20,2001-05-31,ATL,6.93458600815332
21,2001-05-31,DFW,6.92032773514255
22,2001-05-31,LAX,7.0854167714673775
23,2001-05-31,ORD,11.481582259106833
24,2001-05-31,STL,4.937120248692949
25,2001-06-30,ATL,16.571244573772837
26,2001-06-30,DFW,12.736584432969975
27,2001-06-30,LAX,8.332587127957263
28,2001-06-30,ORD,14.14367816091954
29,2001-06-30,STL,11.326861547411285
30,2001-07-31,ATL,11.643441492784262
31,2001-07-31,DFW,8.722884933015232
32,2001-07-31,LAX,7.837590526521824
33,2001-07-31,ORD,14.510125233146816
34,2001-07-31,STL,8.298274672187716
35,2001-08-31,ATL,10.300364298724954
36,2001-08-31,DFW,11.285463007072448
37,2001-08-31,LAX,8.116243976050237
38,2001-08-31,ORD,16.27837323449865
39,2001-08-31,STL,6.855120502727712
40,2001-09-30,ATL,9.394942205010855
41,2001-09-30,DFW,12.860508431915429
42,2001-09-30,LAX,6.61942610804257
43,2001-09-30,ORD,11.088904331711836
44,2001-09-30,STL,5.292975242760913
45,2001-10-31,ATL,5.577589920310144
46,2001-10-31,DFW,8.441456533239288
47,2001-10-31,LAX,5.27062476238753
48,2001-10-31,ORD,9.384572894061945
49,2001-10-31,STL,5.629274965800273
50,2001-11-30,ATL,8.346800240871517
51,2001-11-30,DFW,7.081749314495515
52,2001-11-30,LAX,4.893620061441737
53,2001-11-30,ORD,5.43968220781936
54,2001-11-30,STL,4.685006407518155
55,2001-12-31,ATL,7.7209411274790485
56,2001-12-31,DFW,6.640790464796845
57,2001-12-31,LAX,6.836908362050777
58,2001-12-31,ORD,7.76440828881334
59,2001-12-31,STL,8.54167735316748
0,2002-01-31,ATL,10.360824742268042
1,2002-01-31,DFW,5.757818309058304
2,2002-01-31,LAX,5.000489134232408
3,2002-01-31,ORD,6.632548576957188
4,2002-01-31,STL,6.465676401477006
5,2002-02-28,ATL,5.119404680754374
6,2002-02-28,DFW,4.127752661513782
7,2002-02-28,LAX,4.856619296933433
8,2002-02-28,ORD,4.568862275449102
9,2002-02-28,STL,2.7003291020216267
10,2002-03-31,ATL,8.293039186058225
11,2002-03-31,DFW,8.954430379746835
12,2002-03-31,LAX,5.839874933475253
13,2002-03-31,ORD,9.008027567842738
14,2002-03-31,STL,4.437184618061598
15,2002-04-30,ATL,5.3042511377741
16,2002-04-30,DFW,7.169311938606436
17,2002-04-30,LAX,4.629637110348078
18,2002-04-30,ORD,6.261007855911094
19,2002-04-30,STL,3.7897636395948107
20,2002-05-31,ATL,6.169584411630385
21,2002-05-31,DFW,4.813510781671159
22,2002-05-31,LAX,4.076040726897796
23,2002-05-31,ORD,3.820346081781109
24,2002-05-31,STL,6.127698152305301
25,2002-06-30,ATL,9.287298747763865
26,2002-06-30,DFW,6.572950539106623
27,2002-06-30,LAX,6.393007718752027
28,2002-06-30,ORD,13.486177417564116
29,2002-06-30,STL,8.291326711599858
30,2002-07-31,ATL,10.097936078549244
31,2002-07-31,DFW,8.416961566949222
32,2002-07-31,LAX,6.527037984157674
33,2002-07-31,ORD,8.41914908288512
34,2002-07-31,STL,7.284223918575064
35,2002-08-31,ATL,4.60653867142928
36,2002-08-31,DFW,5.246986712740138
37,2002-08-31,LAX,5.821743690997717
38,2002-08-31,ORD,7.987645824013215
39,2002-08-31,STL,3.743284113147127
40,2002-09-30,ATL,5.85727617060987
41,2002-09-30,DFW,0.6805959775856827
42,2002-09-30,LAX,1.6194477791116446
43,2002-09-30,ORD,2.9782316386233965
44,2002-09-30,STL,1.2566303404378436
45,2002-10-31,ATL,7.918166260436654
46,2002-10-31,DFW,3.7625380414391127
47,2002-10-31,LAX,3.451791530944625
48,2002-10-31,ORD,3.2019648397104445
49,2002-10-31,STL,1.7620554831502513
50,2002-11-30,ATL,5.630638063806381
51,2002-11-30,DFW,2.0012060570867023
52,2002-11-30,LAX,4.659749602268797
53,2002-11-30,ORD,5.0088485405653875
54,2002-11-30,STL,0.9685600503039196
55,2002-12-31,ATL,11.864667747163695
56,2002-12-31,DFW,7.39777903092873
57,2002-12-31,LAX,6.068259385665529
58,2002-12-31,ORD,9.773206392383543
59,2002-12-31,STL,6.499101194882098
0,2003-01-31,ATL,6.570874215225416
1,2003-01-31,DFW,3.5602470930232557
2,2003-01-31,LAX,2.7085435056746534
3,2003-01-31,ORD,7.208362071796893
4,2003-01-31,STL,1.7382440323737323
5,2003-02-28,ATL,9.744593092069868
6,2003-02-28,DFW,6.810887891624376
7,2003-02-28,LAX,3.6470899160157395
8,2003-02-28,ORD,8.046841282833544
9,2003-02-28,STL,6.516237923408218
10,2003-03-31,ATL,9.320333819889573
11,2003-03-31,DFW,2.3853865083960626
12,2003-03-31,LAX,2.2056251975139576
13,2003-03-31,ORD,7.294896779521057
14,2003-03-31,STL,1.5050568900126422
15,2003-04-30,ATL,5.023999454557851
16,2003-04-30,DFW,4.604624234274615
17,2003-04-30,LAX,1.7744927210387273
18,2003-04-30,ORD,6.408470325996099
19,2003-04-30,STL,1.1989640806215516
20,2003-05-31,ATL,9.016449008074968
21,2003-05-31,DFW,4.501768953068592
22,2003-05-31,LAX,2.4971803996715027
23,2003-05-31,ORD,5.9876764129921
24,2003-05-31,STL,2.344341206761446
25,2003-06-30,ATL,8.528289275807907
26,2003-06-30,DFW,9.379556957382821
27,2003-06-30,LAX,4.485003538185183
28,2003-06-30,ORD,5.25903212904946
29,2003-06-30,STL,3.853631409186965
30,2003-07-31,ATL,13.190640280922844
31,2003-07-31,DFW,9.343479961594538
32,2003-07-31,LAX,5.005896780253614
33,2003-07-31,ORD,13.579891863203635
34,2003-07-31,STL,5.688698667244555
35,2003-08-31,ATL,10.975065320473533
36,2003-08-31,DFW,10.673655523255814
37,2003-08-31,LAX,4.955479989537013
38,2003-08-31,ORD,10.773396407423336
39,2003-08-31,STL,5.3013668430335095
40,2003-09-30,ATL,4.451199255863398
41,2003-09-30,DFW,3.7729880718707536
42,2003-09-30,LAX,1.1487250554323725
43,2003-09-30,ORD,4.5842335566798855
44,2003-09-30,STL,2.077499414656989
45,2003-10-31,ATL,4.597315224257739
46,2003-10-31,DFW,2.0246922365331246
47,2003-10-31,LAX,4.965496598639456
48,2003-10-31,ORD,3.7871467639015495
49,2003-10-31,STL,1.1038093116507017
50,2003-11-30,ATL,5.044555117320677
51,2003-11-30,DFW,5.349463145676146
52,2003-11-30,LAX,5.184809705833472
53,2003-11-30,ORD,16.597658471316272
54,2003-11-30,STL,4.902869757174393
55,2003-12-31,ATL,10.903288451579492
56,2003-12-31,DFW,6.767101145235065
57,2003-12-31,LAX,6.380647178364859
58,2003-12-31,ORD,15.591098091098091
59,2003-12-31,STL,5.429216867469879
0,2004-01-31,ATL,8.83846497099509
1,2004-01-31,DFW,7.804277629248984
2,2004-01-31,LAX,5.805809831208
3,2004-01-31,ORD,23.654832935560858
4,2004-01-31,STL,7.415587129126619
5,2004-02-29,ATL,15.589359880790083
6,2004-02-29,DFW,8.362007571498182
7,2004-02-29,LAX,5.343624313147907
8,2004-02-29,ORD,12.813520976810727
9,2004-02-29,STL,4.648435837412215
10,2004-03-31,ATL,6.231836405064752
11,2004-03-31,DFW,4.594583490259184
12,2004-03-31,LAX,4.169684079472947
13,2004-03-31,ORD,18.318114097709355
14,2004-03-31,STL,5.202436194895592
15,2004-04-30,ATL,6.4547495937361505
16,2004-04-30,DFW,3.613561947681583
17,2004-04-30,LAX,4.069847672628842
18,2004-04-30,ORD,9.023466330231825
19,2004-04-30,STL,3.8141486810551557
20,2004-05-31,ATL,12.718178132962706
21,2004-05-31,DFW,5.732896099413186
22,2004-05-31,LAX,4.5723591641044345
23,2004-05-31,ORD,20.9658998734629
24,2004-05-31,STL,9.872684272763106
25,2004-06-30,ATL,19.034204696499778
26,2004-06-30,DFW,18.225496155909173
27,2004-06-30,LAX,8.023883098517782
28,2004-06-30,ORD,15.20074678195932
29,2004-06-30,STL,8.322013341419042
30,2004-07-31,ATL,12.629477243905876
31,2004-07-31,DFW,10.36282299295288
32,2004-07-31,LAX,7.645138888888889
33,2004-07-31,ORD,15.540643028456602
34,2004-07-31,STL,9.180650341228421
35,2004-08-31,ATL,9.851732563305198
36,2004-08-31,DFW,10.768589108064681
37,2004-08-31,LAX,6.977090605181653
38,2004-08-31,ORD,12.083755862593485
39,2004-08-31,STL,8.620211102423768
40,2004-09-30,ATL,11.380585610367381
41,2004-09-30,DFW,2.5581226387678
42,2004-09-30,LAX,4.2673677501593374
43,2004-09-30,ORD,2.7112279637307446
44,2004-09-30,STL,1.6655857316578841
45,2004-10-31,ATL,9.481382228490832
46,2004-10-31,DFW,8.262389963263326
47,2004-10-31,LAX,5.150537084398977
48,2004-10-31,ORD,6.170731707317073
49,2004-10-31,STL,4.810009442870633
50,2004-11-30,ATL,14.87396718602455
51,2004-11-30,DFW,8.999519816791638
52,2004-11-30,LAX,4.800625695954186
53,2004-11-30,ORD,11.361006199672202
54,2004-11-30,STL,6.829382044306257
55,2004-12-31,ATL,15.351309930021399
56,2004-12-31,DFW,10.604091238233165
57,2004-12-31,LAX,10.683673994748494
58,2004-12-31,ORD,17.576264030118573
59,2004-12-31,STL,10.976858877086494
0,2005-01-31,ATL,12.17044281115228
1,2005-01-31,DFW,8.90858705014418
2,2005-01-31,LAX,9.986054619407321
3,2005-01-31,ORD,21.213462867675293
4,2005-01-31,STL,10.1344065892924
5,2005-02-28,ATL,11.975558595531236
6,2005-02-28,DFW,4.8740720622849905
7,2005-02-28,LAX,8.296470451642865
8,2005-02-28,ORD,9.77899448485333
9,2005-02-28,STL,5.484818416352451
10,2005-03-31,ATL,15.913300279064726
11,2005-03-31,DFW,6.352661445012788
12,2005-03-31,LAX,6.044206607724523
13,2005-03-31,ORD,11.970412527837675
14,2005-03-31,STL,7.731440663022394
15,2005-04-30,ATL,9.62971352799801
16,2005-04-30,DFW,5.53806920189326
17,2005-04-30,LAX,3.9540582754349116
18,2005-04-30,ORD,5.534331856300582
19,2005-04-30,STL,3.337220062928003
20,2005-05-31,ATL,7.573164012279275
21,2005-05-31,DFW,5.412748818836651
22,2005-05-31,LAX,4.426526961410683
23,2005-05-31,ORD,10.406305983518452
24,2005-05-31,STL,4.964229901024483
25,2005-06-30,ATL,15.280320334645127
26,2005-06-30,DFW,9.737927041111755
27,2005-06-30,LAX,7.574682367524016
28,2005-06-30,ORD,18.29881460756884
29,2005-06-30,STL,11.251016439809087
30,2005-07-31,ATL,24.808017109015136
31,2005-07-31,DFW,19.92391911518266
32,2005-07-31,LAX,8.091805576412876
33,2005-07-31,ORD,19.545524184723135
34,2005-07-31,STL,13.02915709489309
35,2005-08-31,ATL,20.89560019651728
36,2005-08-31,DFW,13.057251765761052
37,2005-08-31,LAX,6.811495396864892
38,2005-08-31,ORD,10.457400849858358
39,2005-08-31,STL,8.021592920353982
40,2005-09-30,ATL,6.4137741046831955
41,2005-09-30,DFW,5.655359511273662
42,2005-09-30,LAX,4.7333262475421165
43,2005-09-30,ORD,8.150046219264189
44,2005-09-30,STL,4.379695627046812
45,2005-10-31,ATL,9.440421884533807
46,2005-10-31,DFW,5.5914853283835555
47,2005-10-31,LAX,4.914169576319766
48,2005-10-31,ORD,7.660724233983287
49,2005-10-31,STL,5.8451037495449585
50,2005-11-30,ATL,11.280528554070473
51,2005-11-30,DFW,6.615170353625061
52,2005-11-30,LAX,4.609561968704315
53,2005-11-30,ORD,12.277083110683623
54,2005-11-30,STL,6.810989867498051
55,2005-12-31,ATL,16.0740440845704
56,2005-12-31,DFW,11.139087476905775
57,2005-12-31,LAX,9.254723952285444
58,2005-12-31,ORD,22.334285102434148
59,2005-12-31,STL,9.31811175337187
0,2006-01-31,ATL,13.472055214723927
1,2006-01-31,DFW,5.959947183098592
2,2006-01-31,LAX,6.624960153012433
3,2006-01-31,ORD,14.754496432997287
4,2006-01-31,STL,5.14407421431276
5,2006-02-28,ATL,11.34754043688511
6,2006-02-28,DFW,10.554033965493941
7,2006-02-28,LAX,9.294953511490556
8,2006-02-28,ORD,14.010137106184365
9,2006-02-28,STL,6.66875
10,2006-03-31,ATL,9.541588474752432
11,2006-03-31,DFW,12.871338404272535
12,2006-03-31,LAX,9.652097540814218
13,2006-03-31,ORD,20.31047072630069
14,2006-03-31,STL,7.786755443584668
15,2006-04-30,ATL,10.075935926218069
16,2006-04-30,DFW,11.468002294329729
17,2006-04-30,LAX,7.8316577540106955
18,2006-04-30,ORD,14.518093586365607
19,2006-04-30,STL,7.837642585551331
20,2006-05-31,ATL,9.908715273707655
21,2006-05-31,DFW,11.165585819282317
22,2006-05-31,LAX,5.859727119423578
23,2006-05-31,ORD,18.493989177278767
24,2006-05-31,STL,8.985470395931712
25,2006-06-30,ATL,19.3968268037582
26,2006-06-30,DFW,11.923293172690762
27,2006-06-30,LAX,8.131977610024135
28,2006-06-30,ORD,17.45033199228077
29,2006-06-30,STL,12.332453328304734
30,2006-07-31,ATL,17.08136594789625
31,2006-07-31,DFW,11.609055596971006
32,2006-07-31,LAX,9.496170759424873
33,2006-07-31,ORD,20.104858668750815
34,2006-07-31,STL,12.170731707317072
35,2006-08-31,ATL,18.60810734781141
36,2006-08-31,DFW,10.861057056122052
37,2006-08-31,LAX,8.575523758363042
38,2006-08-31,ORD,17.00219479610662
39,2006-08-31,STL,8.020475319926874
40,2006-09-30,ATL,18.366383438900048
41,2006-09-30,DFW,9.457911483945617
42,2006-09-30,LAX,6.144271793521201
43,2006-09-30,ORD,17.969142471303172
44,2006-09-30,STL,6.354094579008073
45,2006-10-31,ATL,18.66046566046566
46,2006-10-31,DFW,9.129482228702026
47,2006-10-31,LAX,8.56743713487427
48,2006-10-31,ORD,20.39113047436356
49,2006-10-31,STL,9.049454545454546
50,2006-11-30,ATL,11.661832288868995
51,2006-11-30,DFW,8.726049356675807
52,2006-11-30,LAX,7.374733589087809
53,2006-11-30,ORD,13.24430362680329
54,2006-11-30,STL,6.033192516596258
55,2006-12-31,ATL,11.856128215421672
56,2006-12-31,DFW,15.715077424612877
57,2006-12-31,LAX,11.231861118202707
58,2006-12-31,ORD,23.89270576975663
59,2006-12-31,STL,14.048327137546469
0,2007-01-31,ATL,11.93227318803852
1,2007-01-31,DFW,15.43696238826109
2,2007-01-31,LAX,8.31817005640946
3,2007-01-31,ORD,20.37836776115494
4,2007-01-31,STL,8.276380952380952
5,2007-02-28,ATL,13.265616343490304
6,2007-02-28,DFW,13.489126906848426
7,2007-02-28,LAX,10.07530466773971
8,2007-02-28,ORD,27.89159309021113
9,2007-02-28,STL,10.450234942332337
10,2007-03-31,ATL,12.157597152002872
11,2007-03-31,DFW,11.727154153419743
12,2007-03-31,LAX,8.064836389423563
13,2007-03-31,ORD,22.83961924699879
14,2007-03-31,STL,10.300259643916913
15,2007-04-30,ATL,10.468500061523317
16,2007-04-30,DFW,11.28115572551519
17,2007-04-30,LAX,7.488708651399491
18,2007-04-30,ORD,19.00202129093114
19,2007-04-30,STL,9.030651340996169
20,2007-05-31,ATL,8.321862050724425
21,2007-05-31,DFW,13.845794771878552
22,2007-05-31,LAX,5.696231854215999
23,2007-05-31,ORD,11.191664837404748
24,2007-05-31,STL,9.37481778425656
25,2007-06-30,ATL,22.970008544574195
26,2007-06-30,DFW,29.071543955109675
27,2007-06-30,LAX,10.161828963795257
28,2007-06-30,ORD,19.87770980183535
29,2007-06-30,STL,16.363670694864048
30,2007-07-31,ATL,23.24973062577704
31,2007-07-31,DFW,22.858020231213874
32,2007-07-31,LAX,10.437001594896332
33,2007-07-31,ORD,16.56037541121073
34,2007-07-31,STL,14.890186063480481
35,2007-08-31,ATL,22.54492348198124
36,2007-08-31,DFW,14.64308337952332
37,2007-08-31,LAX,10.137820205315169
38,2007-08-31,ORD,20.741598663496756
39,2007-08-31,STL,12.175329298682806
40,2007-09-30,ATL,13.060263709035132
41,2007-09-30,DFW,8.221941992433795
42,2007-09-30,LAX,4.922712771431512
43,2007-09-30,ORD,10.421205640580098
44,2007-09-30,STL,4.994605009633911
45,2007-10-31,ATL,12.129200590131687
46,2007-10-31,DFW,8.675136699903506
47,2007-10-31,LAX,6.121113091701327
48,2007-10-31,ORD,11.287909088023364
49,2007-10-31,STL,6.926691042047532
50,2007-11-30,ATL,8.48549715744286
51,2007-11-30,DFW,9.109074243813016
52,2007-11-30,LAX,7.810378623749097
53,2007-11-30,ORD,12.413730316620022
54,2007-11-30,STL,5.624953025178504
55,2007-12-31,ATL,15.509616519174042
56,2007-12-31,DFW,19.59939899267787
57,2007-12-31,LAX,13.936345280161534
58,2007-12-31,ORD,32.76306478956291
59,2007-12-31,STL,15.342646488164533
0,2008-01-31,ATL,10.022297669297119
1,2008-01-31,DFW,11.392846382301038
2,2008-01-31,LAX,13.972006472491909
3,2008-01-31,ORD,27.5197971381996
4,2008-01-31,STL,8.566775872037
5,2008-02-29,ATL,14.182118580060424
6,2008-02-29,DFW,13.774808101359474
7,2008-02-29,LAX,11.147207826238864
8,2008-02-29,ORD,29.273041287386217
9,2008-02-29,STL,15.322070608620317
10,2008-03-31,ATL,16.557718936332552
11,2008-03-31,DFW,16.622783302020803
12,2008-03-31,LAX,9.454412719013627
13,2008-03-31,ORD,19.871075367001474
14,2008-03-31,STL,13.217468454258675
15,2008-04-30,ATL,9.952638937434463
16,2008-04-30,DFW,11.890010410537274
17,2008-04-30,LAX,7.3180380624757255
18,2008-04-30,ORD,15.253620420211842
19,2008-04-30,STL,7.769939251420733
20,2008-05-31,ATL,5.44835592187364
21,2008-05-31,DFW,13.899190519903197
22,2008-05-31,LAX,7.2701868313195295
23,2008-05-31,ORD,12.596538525545016
24,2008-05-31,STL,10.00718629076838
25,2008-06-30,ATL,11.552492952532816
26,2008-06-30,DFW,18.070462753002435
27,2008-06-30,LAX,10.875085288406025
28,2008-06-30,ORD,25.11681986555083
29,2008-06-30,STL,13.736627043090639
30,2008-07-31,ATL,21.832093428034025
31,2008-07-31,DFW,12.806190419209445
32,2008-07-31,LAX,8.993973750063837
33,2008-07-31,ORD,16.432201184201965
34,2008-07-31,STL,10.168232743043006
35,2008-08-31,ATL,12.725947688182778
36,2008-08-31,DFW,13.127191391609237
37,2008-08-31,LAX,7.991016400292489
38,2008-08-31,ORD,12.13215859030837
39,2008-08-31,STL,7.306454595894211
40,2008-09-30,ATL,3.8867694185869066
41,2008-09-30,DFW,5.054756955194834
42,2008-09-30,LAX,3.1979553903345725
43,2008-09-30,ORD,9.885582368430544
44,2008-09-30,STL,3.956367924528302
45,2008-10-31,ATL,7.240069384215091
46,2008-10-31,DFW,5.218161780912498
47,2008-10-31,LAX,3.435155923916284
48,2008-10-31,ORD,5.30592047949263
49,2008-10-31,STL,4.072090823084201
50,2008-11-30,ATL,8.803768545994066
51,2008-11-30,DFW,5.75595009596929
52,2008-11-30,LAX,4.155205254515599
53,2008-11-30,ORD,7.161422981713647
54,2008-11-30,STL,5.291331740169455
55,2008-12-31,ATL,15.37806529261321
56,2008-12-31,DFW,14.048718068028476
57,2008-12-31,LAX,15.514953094503557
58,2008-12-31,ORD,29.689495302777665
59,2008-12-31,STL,18.244750795334042
