,date,dest_city,origin_city,DepDelay
0,1994-01-31,Minneapolis,Chicago,11.0289592760181
1,1994-01-31,Las Vegas,Los Angeles,5.16911045943304
2,1994-01-31,San Francisco,Los Angeles,10.183381088825215
3,1994-01-31,Chicago,Minneapolis,8.597976080956762
4,1994-01-31,Los Angeles,San Francisco,6.537900874635569
5,1994-02-28,Minneapolis,Chicago,8.171318575553416
6,1994-02-28,Las Vegas,Los Angeles,6.2489316239316235
7,1994-02-28,San Francisco,Los Angeles,11.863886703383162
8,1994-02-28,Chicago,Minneapolis,4.4281553398058255
9,1994-02-28,Los Angeles,San Francisco,8.695102685624013
10,1994-03-31,Minneapolis,Chicago,1.2770323599052882
11,1994-03-31,Las Vegas,Los Angeles,7.01244019138756
12,1994-03-31,San Francisco,Los Angeles,7.844238975817923
13,1994-03-31,Chicago,Minneapolis,0.5390686661404893
14,1994-03-31,Los Angeles,San Francisco,5.6429065743944635
15,1994-04-30,Minneapolis,Chicago,3.471604938271605
16,1994-04-30,Las Vegas,Los Angeles,4.664039408866995
17,1994-04-30,San Francisco,Los Angeles,7.148600143575018
18,1994-04-30,Chicago,Minneapolis,2.862646566164154
19,1994-04-30,Los Angeles,San Francisco,5.0748251748251745
20,1994-05-31,Minneapolis,Chicago,1.4763749031758326
21,1994-05-31,Las Vegas,Los Angeles,5.033333333333333
22,1994-05-31,San Francisco,Los Angeles,6.907949790794979
23,1994-05-31,Chicago,Minneapolis,0.24648985959438377
24,1994-05-31,Los Angeles,San Francisco,4.825068870523416
25,1994-06-30,Minneapolis,Chicago,4.792176039119805
26,1994-06-30,Las Vegas,Los Angeles,4.974974974974975
27,1994-06-30,San Francisco,Los Angeles,4.857638888888889
28,1994-06-30,Chicago,Minneapolis,4.256680161943319
29,1994-06-30,Los Angeles,San Francisco,3.97679180887372
30,1994-07-31,Minneapolis,Chicago,5.939607843137255
31,1994-07-31,Las Vegas,Los Angeles,8.064139941690962
32,1994-07-31,San Francisco,Los Angeles,7.867558528428094
33,1994-07-31,Chicago,Minneapolis,6.0015772870662465
34,1994-07-31,Los Angeles,San Francisco,5.041804910418049
35,1994-08-31,Minneapolis,Chicago,4.440275650842266
36,1994-08-31,Las Vegas,Los Angeles,6.5311004784688995
37,1994-08-31,San Francisco,Los Angeles,5.067629678266579
38,1994-08-31,Chicago,Minneapolis,5.000765110941087
39,1994-08-31,Los Angeles,San Francisco,3.9569471624266144
40,1994-09-30,Minneapolis,Chicago,2.136858475894246
41,1994-09-30,Las Vegas,Los Angeles,5.385633270321361
42,1994-09-30,San Francisco,Los Angeles,4.311385459533608
43,1994-09-30,Chicago,Minneapolis,2.154818325434439
44,1994-09-30,Los Angeles,San Francisco,3.596851471594798
45,1994-10-31,Minneapolis,Chicago,1.6754578754578755
46,1994-10-31,Las Vegas,Los Angeles,6.305656934306569
47,1994-10-31,San Francisco,Los Angeles,2.5464733025708637
48,1994-10-31,Chicago,Minneapolis,1.955719557195572
49,1994-10-31,Los Angeles,San Francisco,1.497698882314267
50,1994-11-30,Minneapolis,Chicago,5.665322580645161
51,1994-11-30,Las Vegas,Los Angeles,9.122464898595943
52,1994-11-30,San Francisco,Los Angeles,9.432558139534883
53,1994-11-30,Chicago,Minneapolis,4.467259498787389
54,1994-11-30,Los Angeles,San Francisco,8.477078477078477
55,1994-12-31,Minneapolis,Chicago,4.583908045977012
56,1994-12-31,Las Vegas,Los Angeles,9.718794835007174
57,1994-12-31,San Francisco,Los Angeles,7.631245601688952
58,1994-12-31,Chicago,Minneapolis,3.2681607418856258
59,1994-12-31,Los Angeles,San Francisco,6.053342816500711
0,1995-01-31,Minneapolis,Chicago,7.961538461538462
1,1995-01-31,Las Vegas,Los Angeles,17.53994673768309
2,1995-01-31,San Francisco,Los Angeles,15.82039911308204
3,1995-01-31,Chicago,Minneapolis,4.77726574500768
4,1995-01-31,Los Angeles,San Francisco,16.36425339366516
5,1995-02-28,Minneapolis,Chicago,2.6303837118245887
6,1995-02-28,Las Vegas,Los Angeles,7.956859971711457
7,1995-02-28,San Francisco,Los Angeles,6.519171779141105
8,1995-02-28,Chicago,Minneapolis,2.562200956937799
9,1995-02-28,Los Angeles,San Francisco,4.621389539422326
10,1995-03-31,Minneapolis,Chicago,5.561304039688165
11,1995-03-31,Las Vegas,Los Angeles,10.284821986258589
12,1995-03-31,San Francisco,Los Angeles,13.14956647398844
13,1995-03-31,Chicago,Minneapolis,4.607558139534884
14,1995-03-31,Los Angeles,San Francisco,11.521835677276092
15,1995-04-30,Minneapolis,Chicago,5.96230598669623
16,1995-04-30,Las Vegas,Los Angeles,6.05624591236102
17,1995-04-30,San Francisco,Los Angeles,7.213371266002845
18,1995-04-30,Chicago,Minneapolis,4.374343585896474
19,1995-04-30,Los Angeles,San Francisco,5.789970930232558
20,1995-05-31,Minneapolis,Chicago,3.900199600798403
21,1995-05-31,Las Vegas,Los Angeles,5.947515745276417
22,1995-05-31,San Francisco,Los Angeles,8.847152126892574
23,1995-05-31,Chicago,Minneapolis,3.138907619689818
24,1995-05-31,Los Angeles,San Francisco,6.768552534900809
25,1995-06-30,Minneapolis,Chicago,9.262261580381471
26,1995-06-30,Las Vegas,Los Angeles,11.422823701536212
27,1995-06-30,San Francisco,Los Angeles,14.325563909774436
28,1995-06-30,Chicago,Minneapolis,8.630779848171153
29,1995-06-30,Los Angeles,San Francisco,12.68361153262519
30,1995-07-31,Minneapolis,Chicago,7.949210706932052
31,1995-07-31,Las Vegas,Los Angeles,7.3229461756373935
32,1995-07-31,San Francisco,Los Angeles,9.12114537444934
33,1995-07-31,Chicago,Minneapolis,7.070735090152566
34,1995-07-31,Los Angeles,San Francisco,6.260119940029985
35,1995-08-31,Minneapolis,Chicago,11.774257425742574
36,1995-08-31,Las Vegas,Los Angeles,8.39873417721519
37,1995-08-31,San Francisco,Los Angeles,9.30583214793741
38,1995-08-31,Chicago,Minneapolis,10.7771124417831
39,1995-08-31,Los Angeles,San Francisco,6.456934306569343
40,1995-09-30,Minneapolis,Chicago,4.096662030598053
41,1995-09-30,Las Vegas,Los Angeles,5.932452276064611
42,1995-09-30,San Francisco,Los Angeles,9.114678899082568
43,1995-09-30,Chicago,Minneapolis,2.9261603375527425
44,1995-09-30,Los Angeles,San Francisco,6.912240184757506
45,1995-10-31,Minneapolis,Chicago,5.097769028871391
46,1995-10-31,Las Vegas,Los Angeles,8.629498941425547
47,1995-10-31,San Francisco,Los Angeles,12.889985895627644
48,1995-10-31,Chicago,Minneapolis,3.614923384410393
49,1995-10-31,Los Angeles,San Francisco,10.498927805575411
50,1995-11-30,Minneapolis,Chicago,9.6163610719323
51,1995-11-30,Las Vegas,Los Angeles,16.795118343195266
52,1995-11-30,San Francisco,Los Angeles,22.851432880844644
53,1995-11-30,Chicago,Minneapolis,6.8229835831548895
54,1995-11-30,Los Angeles,San Francisco,18.714176245210727
55,1995-12-31,Minneapolis,Chicago,11.386695906432749
56,1995-12-31,Las Vegas,Los Angeles,16.199436222692036
57,1995-12-31,San Francisco,Los Angeles,31.336363636363636
58,1995-12-31,Chicago,Minneapolis,7.809985096870343
59,1995-12-31,Los Angeles,San Francisco,29.2088752869166
0,1996-01-31,Minneapolis,Chicago,13.693693693693694
1,1996-01-31,Las Vegas,Los Angeles,11.58700209643606
2,1996-01-31,San Francisco,Los Angeles,22.095605242868157
3,1996-01-31,Chicago,Minneapolis,10.659476117103235
4,1996-01-31,Los Angeles,San Francisco,19.715165511932256
5,1996-02-29,Minneapolis,Chicago,9.355538922155688
6,1996-02-29,Las Vegas,Los Angeles,14.553426676492263
7,1996-02-29,San Francisco,Los Angeles,26.974501992031872
8,1996-02-29,Chicago,Minneapolis,7.055087987758225
9,1996-02-29,Los Angeles,San Francisco,24.808306709265175
10,1996-03-31,Minneapolis,Chicago,7.098670398880336
11,1996-03-31,Las Vegas,Los Angeles,8.72463768115942
12,1996-03-31,San Francisco,Los Angeles,13.952311078503302
13,1996-03-31,Chicago,Minneapolis,4.7644128113879
14,1996-03-31,Los Angeles,San Francisco,10.310014727540501
15,1996-04-30,Minneapolis,Chicago,6.152554233729881
16,1996-04-30,Las Vegas,Los Angeles,5.278676988036594
17,1996-04-30,San Francisco,Los Angeles,8.350299401197605
18,1996-04-30,Chicago,Minneapolis,4.887223411848679
19,1996-04-30,Los Angeles,San Francisco,7.498505231689088
20,1996-05-31,Minneapolis,Chicago,14.752727272727272
21,1996-05-31,Las Vegas,Los Angeles,5.101161995898838
22,1996-05-31,San Francisco,Los Angeles,9.875278396436526
23,1996-05-31,Chicago,Minneapolis,11.69264384559359
24,1996-05-31,Los Angeles,San Francisco,7.437818181818182
25,1996-06-30,Minneapolis,Chicago,11.97041847041847
26,1996-06-30,Las Vegas,Los Angeles,7.447457627118644
27,1996-06-30,San Francisco,Los Angeles,11.793916349809885
28,1996-06-30,Chicago,Minneapolis,11.710791366906475
29,1996-06-30,Los Angeles,San Francisco,9.452044609665428
30,1996-07-31,Minneapolis,Chicago,10.139160839160839
31,1996-07-31,Las Vegas,Los Angeles,8.558467741935484
32,1996-07-31,San Francisco,Los Angeles,8.225111441307577
33,1996-07-31,Chicago,Minneapolis,10.445219818562457
34,1996-07-31,Los Angeles,San Francisco,7.073913043478261
35,1996-08-31,Minneapolis,Chicago,7.198080877313228
36,1996-08-31,Las Vegas,Los Angeles,8.98228346456693
37,1996-08-31,San Francisco,Los Angeles,11.452023988005998
38,1996-08-31,Chicago,Minneapolis,6.188098495212039
39,1996-08-31,Los Angeles,San Francisco,10.001459854014598
40,1996-09-30,Minneapolis,Chicago,5.45945945945946
41,1996-09-30,Las Vegas,Los Angeles,7.85723951285521
42,1996-09-30,San Francisco,Los Angeles,13.800308404009252
43,1996-09-30,Chicago,Minneapolis,2.644475920679887
44,1996-09-30,Los Angeles,San Francisco,10.77030162412993
45,1996-10-31,Minneapolis,Chicago,5.981569965870307
46,1996-10-31,Las Vegas,Los Angeles,14.055666003976143
47,1996-10-31,San Francisco,Los Angeles,20.71290082028337
48,1996-10-31,Chicago,Minneapolis,4.219661016949153
49,1996-10-31,Los Angeles,San Francisco,18.46390977443609
50,1996-11-30,Minneapolis,Chicago,6.9694596711041505
51,1996-11-30,Las Vegas,Los Angeles,11.933662667607623
52,1996-11-30,San Francisco,Los Angeles,19.040508339952343
53,1996-11-30,Chicago,Minneapolis,7.782170542635659
54,1996-11-30,Los Angeles,San Francisco,16.39032258064516
55,1996-12-31,Minneapolis,Chicago,14.945381526104418
56,1996-12-31,Las Vegas,Los Angeles,23.435109289617486
57,1996-12-31,San Francisco,Los Angeles,31.04113924050633
58,1996-12-31,Chicago,Minneapolis,14.77565632458234
59,1996-12-31,Los Angeles,San Francisco,30.210651828298886
0,1997-01-31,Minneapolis,Chicago,12.401778496362166
1,1997-01-31,Las Vegas,Los Angeles,16.107432432432432
2,1997-01-31,San Francisco,Los Angeles,26.04126984126984
3,1997-01-31,Chicago,Minneapolis,8.379527559055118
4,1997-01-31,Los Angeles,San Francisco,22.4056
5,1997-02-28,Minneapolis,Chicago,10.85519591141397
6,1997-02-28,Las Vegas,Los Angeles,8.256643887623387
7,1997-02-28,San Francisco,Los Angeles,15.694929343308395
8,1997-02-28,Chicago,Minneapolis,8.386533665835412
9,1997-02-28,Los Angeles,San Francisco,13.998324958123954
10,1997-03-31,Minneapolis,Chicago,8.752136752136753
11,1997-03-31,Las Vegas,Los Angeles,7.610216934919524
12,1997-03-31,San Francisco,Los Angeles,12.1890694239291
13,1997-03-31,Chicago,Minneapolis,8.061933534743202
14,1997-03-31,Los Angeles,San Francisco,8.261221486387049
15,1997-04-30,Minneapolis,Chicago,7.083910700538876
16,1997-04-30,Las Vegas,Los Angeles,6.356729377713458
17,1997-04-30,San Francisco,Los Angeles,8.96167494677076
18,1997-04-30,Chicago,Minneapolis,5.283895131086142
19,1997-04-30,Los Angeles,San Francisco,5.888888888888889
20,1997-05-31,Minneapolis,Chicago,4.966226138032305
21,1997-05-31,Las Vegas,Los Angeles,6.277699859747545
22,1997-05-31,San Francisco,Los Angeles,8.179930795847751
23,1997-05-31,Chicago,Minneapolis,3.0172166427546627
24,1997-05-31,Los Angeles,San Francisco,5.534996534996535
25,1997-06-30,Minneapolis,Chicago,9.339762611275964
26,1997-06-30,Las Vegas,Los Angeles,9.694171082513247
27,1997-06-30,San Francisco,Los Angeles,13.060478199718705
28,1997-06-30,Chicago,Minneapolis,8.742335766423357
29,1997-06-30,Los Angeles,San Francisco,9.494744218640504
30,1997-07-31,Minneapolis,Chicago,10.100513573000734
31,1997-07-31,Las Vegas,Los Angeles,7.486706056129985
32,1997-07-31,San Francisco,Los Angeles,9.613422818791946
33,1997-07-31,Chicago,Minneapolis,9.348201438848921
34,1997-07-31,Los Angeles,San Francisco,7.872654155495979
35,1997-08-31,Minneapolis,Chicago,8.869309838472834
36,1997-08-31,Las Vegas,Los Angeles,11.638545454545454
37,1997-08-31,San Francisco,Los Angeles,16.81953867028494
38,1997-08-31,Chicago,Minneapolis,6.356578001437814
39,1997-08-31,Los Angeles,San Francisco,14.620782726045883
40,1997-09-30,Minneapolis,Chicago,5.391534391534392
41,1997-09-30,Las Vegas,Los Angeles,4.395786305492852
42,1997-09-30,San Francisco,Los Angeles,5.852578068264343
43,1997-09-30,Chicago,Minneapolis,4.741863905325443
44,1997-09-30,Los Angeles,San Francisco,5.152
45,1997-10-31,Minneapolis,Chicago,3.5353756382202772
46,1997-10-31,Las Vegas,Los Angeles,7.099046221570066
47,1997-10-31,San Francisco,Los Angeles,11.585488505747126
48,1997-10-31,Chicago,Minneapolis,4.192280200142959
49,1997-10-31,Los Angeles,San Francisco,9.445955619183966
50,1997-11-30,Minneapolis,Chicago,5.433977455716586
51,1997-11-30,Las Vegas,Los Angeles,10.671201814058957
52,1997-11-30,San Francisco,Los Angeles,17.38294573643411
53,1997-11-30,Chicago,Minneapolis,6.22508038585209
54,1997-11-30,Los Angeles,San Francisco,17.257341576506956
55,1997-12-31,Minneapolis,Chicago,8.146302250803858
56,1997-12-31,Las Vegas,Los Angeles,10.7286470143613
57,1997-12-31,San Francisco,Los Angeles,13.616071428571429
58,1997-12-31,Chicago,Minneapolis,7.231139646869984
59,1997-12-31,Los Angeles,San Francisco,13.89037037037037
0,1998-01-31,Minneapolis,Chicago,11.608731466227347
1,1998-01-31,Las Vegas,Los Angeles,11.528803545051698
2,1998-01-31,San Francisco,Los Angeles,28.830618892508145
3,1998-01-31,Chicago,Minneapolis,9.296296296296296
4,1998-01-31,Los Angeles,San Francisco,27.355296080066722
5,1998-02-28,Minneapolis,Chicago,5.348976109215017
6,1998-02-28,Las Vegas,Los Angeles,17.99270072992701
7,1998-02-28,San Francisco,Los Angeles,32.97612225405922
8,1998-02-28,Chicago,Minneapolis,4.2893617021276595
9,1998-02-28,Los Angeles,San Francisco,32.30520117762512
10,1998-03-31,Minneapolis,Chicago,9.646831530139103
11,1998-03-31,Las Vegas,Los Angeles,9.981173062997827
12,1998-03-31,San Francisco,Los Angeles,19.77494199535963
13,1998-03-31,Chicago,Minneapolis,9.44904214559387
14,1998-03-31,Los Angeles,San Francisco,18.10655090765588
15,1998-04-30,Minneapolis,Chicago,7.351055512118843
16,1998-04-30,Las Vegas,Los Angeles,8.543046357615895
17,1998-04-30,San Francisco,Los Angeles,11.806934594168636
18,1998-04-30,Chicago,Minneapolis,8.497250589159465
19,1998-04-30,Los Angeles,San Francisco,13.168646080760094
20,1998-05-31,Minneapolis,Chicago,12.585463258785943
21,1998-05-31,Las Vegas,Los Angeles,9.571008094186903
22,1998-05-31,San Francisco,Los Angeles,19.391556291390728
23,1998-05-31,Chicago,Minneapolis,12.273381294964029
24,1998-05-31,Los Angeles,San Francisco,20.33828382838284
25,1998-06-30,Minneapolis,Chicago,15.515222482435597
26,1998-06-30,Las Vegas,Los Angeles,10.4791192103265
27,1998-06-30,San Francisco,Los Angeles,17.373935264054513
28,1998-06-30,Chicago,Minneapolis,14.063041765169425
29,1998-06-30,Los Angeles,San Francisco,18.23404255319149
30,1998-07-31,Minneapolis,Chicago,7.413169319826339
31,1998-07-31,Las Vegas,Los Angeles,9.741071428571429
32,1998-07-31,San Francisco,Los Angeles,17.82622950819672
33,1998-07-31,Chicago,Minneapolis,7.412964311726147
34,1998-07-31,Los Angeles,San Francisco,15.526229508196721
35,1998-08-31,Minneapolis,Chicago,13.394777265745008
36,1998-08-31,Las Vegas,Los Angeles,11.575757575757576
37,1998-08-31,San Francisco,Los Angeles,13.306284805091488
38,1998-08-31,Chicago,Minneapolis,13.235158057054742
39,1998-08-31,Los Angeles,San Francisco,11.274881516587678
40,1998-09-30,Minneapolis,Chicago,8.977844914400805
41,1998-09-30,Las Vegas,Los Angeles,6.553784860557769
42,1998-09-30,San Francisco,Los Angeles,13.973572037510657
43,1998-09-30,Chicago,Minneapolis,8.06570841889117
44,1998-09-30,Los Angeles,San Francisco,11.761421319796954
45,1998-10-31,Minneapolis,Chicago,6.412582297000731
46,1998-10-31,Las Vegas,Los Angeles,8.33115468409586
47,1998-10-31,San Francisco,Los Angeles,11.875098814229249
48,1998-10-31,Chicago,Minneapolis,4.821376281112738
49,1998-10-31,Los Angeles,San Francisco,11.16942474389283
50,1998-11-30,Minneapolis,Chicago,2.88203125
51,1998-11-30,Las Vegas,Los Angeles,8.072604790419161
52,1998-11-30,San Francisco,Los Angeles,17.152740341419587
53,1998-11-30,Chicago,Minneapolis,2.70234375
54,1998-11-30,Los Angeles,San Francisco,14.171888988361683
55,1998-12-31,Minneapolis,Chicago,5.197847682119205
56,1998-12-31,Las Vegas,Los Angeles,14.8
57,1998-12-31,San Francisco,Los Angeles,14.453416149068323
58,1998-12-31,Chicago,Minneapolis,4.422824302134647
59,1998-12-31,Los Angeles,San Francisco,13.480956598759965
0,1999-01-31,Minneapolis,Chicago,15.821554770318022
1,1999-01-31,Las Vegas,Los Angeles,7.812125748502994
2,1999-01-31,San Francisco,Los Angeles,16.189289012003695
3,1999-01-31,Chicago,Minneapolis,13.71643109540636
4,1999-01-31,Los Angeles,San Francisco,12.54486586493987
5,1999-02-28,Minneapolis,Chicago,3.5885860306643953
6,1999-02-28,Las Vegas,Los Angeles,7.465473145780051
7,1999-02-28,San Francisco,Los Angeles,14.787968441814595
8,1999-02-28,Chicago,Minneapolis,4.129251700680272
9,1999-02-28,Los Angeles,San Francisco,11.667992047713717
10,1999-03-31,Minneapolis,Chicago,4.7109557109557105
11,1999-03-31,Las Vegas,Los Angeles,6.734612310151879
12,1999-03-31,San Francisco,Los Angeles,17.68236301369863
13,1999-03-31,Chicago,Minneapolis,3.9683397683397685
14,1999-03-31,Los Angeles,San Francisco,11.664383561643836
15,1999-04-30,Minneapolis,Chicago,8.223832528180354
16,1999-04-30,Las Vegas,Los Angeles,11.338576158940397
17,1999-04-30,San Francisco,Los Angeles,12.266545784224842
18,1999-04-30,Chicago,Minneapolis,7.741100323624596
19,1999-04-30,Los Angeles,San Francisco,9.42572463768116
20,1999-05-31,Minneapolis,Chicago,8.950665622552858
21,1999-05-31,Las Vegas,Los Angeles,6.319545823195458
22,1999-05-31,San Francisco,Los Angeles,16.007894736842104
23,1999-05-31,Chicago,Minneapolis,7.107476635514018
24,1999-05-31,Los Angeles,San Francisco,9.654657293497364
25,1999-06-30,Minneapolis,Chicago,13.904761904761905
26,1999-06-30,Las Vegas,Los Angeles,9.344915254237288
27,1999-06-30,San Francisco,Los Angeles,12.197943444730077
28,1999-06-30,Chicago,Minneapolis,12.531174089068825
29,1999-06-30,Los Angeles,San Francisco,6.703513281919451
30,1999-07-31,Minneapolis,Chicago,11.173180076628352
31,1999-07-31,Las Vegas,Los Angeles,11.85738255033557
32,1999-07-31,San Francisco,Los Angeles,13.430860033726812
33,1999-07-31,Chicago,Minneapolis,9.653312788906009
34,1999-07-31,Los Angeles,San Francisco,8.854237288135593
35,1999-08-31,Minneapolis,Chicago,7.079259259259259
36,1999-08-31,Las Vegas,Los Angeles,13.338815789473685
37,1999-08-31,San Francisco,Los Angeles,25.803802938634398
38,1999-08-31,Chicago,Minneapolis,6.741935483870968
39,1999-08-31,Los Angeles,San Francisco,17.740225890529974
40,1999-09-30,Minneapolis,Chicago,3.1295454545454544
41,1999-09-30,Las Vegas,Los Angeles,14.993925588458618
42,1999-09-30,San Francisco,Los Angeles,21.42281879194631
43,1999-09-30,Chicago,Minneapolis,1.9954648526077097
44,1999-09-30,Los Angeles,San Francisco,16.198507462686567
45,1999-10-31,Minneapolis,Chicago,4.042428675932699
46,1999-10-31,Las Vegas,Los Angeles,11.474889217134416
47,1999-10-31,San Francisco,Los Angeles,9.453058321479373
48,1999-10-31,Chicago,Minneapolis,2.945046999276934
49,1999-10-31,Los Angeles,San Francisco,6.443262411347518
50,1999-11-30,Minneapolis,Chicago,2.903002309468822
51,1999-11-30,Las Vegas,Los Angeles,12.096484667165296
52,1999-11-30,San Francisco,Los Angeles,24.85535574667709
53,1999-11-30,Chicago,Minneapolis,1.0985373364126252
54,1999-11-30,Los Angeles,San Francisco,18.5734375
55,1999-12-31,Minneapolis,Chicago,9.199130434782608
56,1999-12-31,Las Vegas,Los Angeles,9.19044170890659
57,1999-12-31,San Francisco,Los Angeles,6.563079116179615
58,1999-12-31,Chicago,Minneapolis,9.58095238095238
59,1999-12-31,Los Angeles,San Francisco,3.264580369843528
0,2000-01-31,Minneapolis,Chicago,8.064462809917355
1,2000-01-31,Las Vegas,Los Angeles,10.048285514345697
2,2000-01-31,San Francisco,Los Angeles,14.651201325600663
3,2000-01-31,Chicago,Minneapolis,7.549586776859504
4,2000-01-31,Los Angeles,San Francisco,10.0775
5,2000-02-29,Minneapolis,Chicago,6.381692573402418
6,2000-02-29,Las Vegas,Los Angeles,18.2451564828614
7,2000-02-29,San Francisco,Los Angeles,29.811195445920305
8,2000-02-29,Chicago,Minneapolis,6.705061082024433
9,2000-02-29,Los Angeles,San Francisco,24.340364333652925
10,2000-03-31,Minneapolis,Chicago,5.603603603603603
11,2000-03-31,Las Vegas,Los Angeles,13.300411522633745
12,2000-03-31,San Francisco,Los Angeles,16.57088122605364
13,2000-03-31,Chicago,Minneapolis,5.300150829562594
14,2000-03-31,Los Angeles,San Francisco,11.278125
15,2000-04-30,Minneapolis,Chicago,8.54441727791361
16,2000-04-30,Las Vegas,Los Angeles,13.359712230215827
17,2000-04-30,San Francisco,Los Angeles,20.056765163297044
18,2000-04-30,Chicago,Minneapolis,8.965601965601966
19,2000-04-30,Los Angeles,San Francisco,15.459143968871595
20,2000-05-31,Minneapolis,Chicago,11.036450079239303
21,2000-05-31,Las Vegas,Los Angeles,11.75206611570248
22,2000-05-31,San Francisco,Los Angeles,21.417081260364842
23,2000-05-31,Chicago,Minneapolis,10.219242902208203
24,2000-05-31,Los Angeles,San Francisco,19.684474123539232
25,2000-06-30,Minneapolis,Chicago,15.493172690763052
26,2000-06-30,Las Vegas,Los Angeles,14.306312769010043
27,2000-06-30,San Francisco,Los Angeles,22.7987012987013
28,2000-06-30,Chicago,Minneapolis,14.630904723779024
29,2000-06-30,Los Angeles,San Francisco,19.153160453808752
30,2000-07-31,Minneapolis,Chicago,14.8300395256917
31,2000-07-31,Las Vegas,Los Angeles,13.612258494337109
32,2000-07-31,San Francisco,Los Angeles,30.933962264150942
33,2000-07-31,Chicago,Minneapolis,15.202863961813842
34,2000-07-31,Los Angeles,San Francisco,26.008635578583764
35,2000-08-31,Minneapolis,Chicago,13.363141524105755
36,2000-08-31,Las Vegas,Los Angeles,14.821685173089485
37,2000-08-31,San Francisco,Los Angeles,24.548415492957748
38,2000-08-31,Chicago,Minneapolis,9.912636505460219
39,2000-08-31,Los Angeles,San Francisco,18.19561403508772
40,2000-09-30,Minneapolis,Chicago,6.955555555555556
41,2000-09-30,Las Vegas,Los Angeles,10.72640218878249
42,2000-09-30,San Francisco,Los Angeles,18.25094696969697
43,2000-09-30,Chicago,Minneapolis,6.3369294605809126
44,2000-09-30,Los Angeles,San Francisco,14.870876531573987
45,2000-10-31,Minneapolis,Chicago,4.060582822085889
46,2000-10-31,Las Vegas,Los Angeles,22.558601782042494
47,2000-10-31,San Francisco,Los Angeles,31.552460538532962
48,2000-10-31,Chicago,Minneapolis,4.5616858237547895
49,2000-10-31,Los Angeles,San Francisco,31.03906976744186
50,2000-11-30,Minneapolis,Chicago,10.534439834024896
51,2000-11-30,Las Vegas,Los Angeles,13.47672778561354
52,2000-11-30,San Francisco,Los Angeles,22.945334590009423
53,2000-11-30,Chicago,Minneapolis,8.224066390041493
54,2000-11-30,Los Angeles,San Francisco,21.48541862652869
55,2000-12-31,Minneapolis,Chicago,24.83641975308642
56,2000-12-31,Las Vegas,Los Angeles,17.358868184955142
57,2000-12-31,San Francisco,Los Angeles,18.123300970873785
58,2000-12-31,Chicago,Minneapolis,20.91443298969072
59,2000-12-31,Los Angeles,San Francisco,15.53391472868217
0,2001-01-31,Minneapolis,Chicago,4.792467948717949
1,2001-01-31,Las Vegas,Los Angeles,13.643638850889193
2,2001-01-31,San Francisco,Los Angeles,16.10828625235405
3,2001-01-31,Chicago,Minneapolis,4.154581673306773
4,2001-01-31,Los Angeles,San Francisco,11.930646672914714
5,2001-02-28,Minneapolis,Chicago,7.182805429864254
6,2001-02-28,Las Vegas,Los Angeles,15.68608169440242
7,2001-02-28,San Francisco,Los Angeles,18.752556237218815
8,2001-02-28,Chicago,Minneapolis,8.060054595086442
9,2001-02-28,Los Angeles,San Francisco,16.794534412955464
10,2001-03-31,Minneapolis,Chicago,5.542269611576542
11,2001-03-31,Las Vegas,Los Angeles,12.589619377162629
12,2001-03-31,San Francisco,Los Angeles,15.894881170018282
13,2001-03-31,Chicago,Minneapolis,5.907774390243903
14,2001-03-31,Los Angeles,San Francisco,13.364630811303556
15,2001-04-30,Minneapolis,Chicago,10.81101068200493
16,2001-04-30,Las Vegas,Los Angeles,10.572474377745241
17,2001-04-30,San Francisco,Los Angeles,22.226315789473684
18,2001-04-30,Chicago,Minneapolis,10.725714285714286
19,2001-04-30,Los Angeles,San Francisco,15.863588667366212
20,2001-05-31,Minneapolis,Chicago,7.053058216654384
21,2001-05-31,Las Vegas,Los Angeles,8.405755395683453
22,2001-05-31,San Francisco,Los Angeles,8.21215043394407
23,2001-05-31,Chicago,Minneapolis,5.464153732446415
24,2001-05-31,Los Angeles,San Francisco,5.691204588910134
25,2001-06-30,Minneapolis,Chicago,10.625289128758673
26,2001-06-30,Las Vegas,Los Angeles,7.996299037749815
27,2001-06-30,San Francisco,Los Angeles,6.860444444444444
28,2001-06-30,Chicago,Minneapolis,10.809119010819165
29,2001-06-30,Los Angeles,San Francisco,4.925399644760213
30,2001-07-31,Minneapolis,Chicago,9.253265602322205
31,2001-07-31,Las Vegas,Los Angeles,9.103174603174603
32,2001-07-31,San Francisco,Los Angeles,13.503734439834025
33,2001-07-31,Chicago,Minneapolis,9.334550766983199
34,2001-07-31,Los Angeles,San Francisco,12.93421052631579
35,2001-08-31,Minneapolis,Chicago,10.270953757225433
36,2001-08-31,Las Vegas,Los Angeles,10.230164403145103
37,2001-08-31,San Francisco,Los Angeles,7.705414012738854
38,2001-08-31,Chicago,Minneapolis,10.186813186813186
39,2001-08-31,Los Angeles,San Francisco,6.307631160572337
40,2001-09-30,Minneapolis,Chicago,8.522114347357066
41,2001-09-30,Las Vegas,Los Angeles,5.454298642533937
42,2001-09-30,San Francisco,Los Angeles,5.740072202166065
43,2001-09-30,Chicago,Minneapolis,9.349680170575693
44,2001-09-30,Los Angeles,San Francisco,5.256009615384615
45,2001-10-31,Minneapolis,Chicago,6.520348837209302
46,2001-10-31,Las Vegas,Los Angeles,6.491056910569106
47,2001-10-31,San Francisco,Los Angeles,6.566544566544566
48,2001-10-31,Chicago,Minneapolis,4.363545816733068
49,2001-10-31,Los Angeles,San Francisco,7.137485311398355
50,2001-11-30,Minneapolis,Chicago,1.6852589641434264
51,2001-11-30,Las Vegas,Los Angeles,4.2551848512173125
52,2001-11-30,San Francisco,Los Angeles,6.670967741935484
53,2001-11-30,Chicago,Minneapolis,2.4267198404785644
54,2001-11-30,Los Angeles,San Francisco,6.562337662337662
55,2001-12-31,Minneapolis,Chicago,4.554994954591322
56,2001-12-31,Las Vegas,Los Angeles,9.130824372759857
57,2001-12-31,San Francisco,Los Angeles,12.767532467532467
58,2001-12-31,Chicago,Minneapolis,6.064908722109534
59,2001-12-31,Los Angeles,San Francisco,14.301960784313726
0,2002-01-31,Minneapolis,Chicago,3.138211382113821
1,2002-01-31,Las Vegas,Los Angeles,6.802513464991024
2,2002-01-31,San Francisco,Los Angeles,7.849689440993789
3,2002-01-31,Chicago,Minneapolis,5.157520325203252
4,2002-01-31,Los Angeles,San Francisco,5.7388059701492535
5,2002-02-28,Minneapolis,Chicago,1.1564551422319476
6,2002-02-28,Las Vegas,Los Angeles,4.569721115537849
7,2002-02-28,San Francisco,Los Angeles,5.180371352785146
8,2002-02-28,Chicago,Minneapolis,1.8346111719605696
9,2002-02-28,Los Angeles,San Francisco,3.7954545454545454
10,2002-03-31,Minneapolis,Chicago,4.274043433298862
11,2002-03-31,Las Vegas,Los Angeles,9.25909090909091
12,2002-03-31,San Francisco,Los Angeles,6.458435207823961
13,2002-03-31,Chicago,Minneapolis,5.751802265705458
14,2002-03-31,Los Angeles,San Francisco,5.555691554467565
15,2002-04-30,Minneapolis,Chicago,3.3317073170731706
16,2002-04-30,Las Vegas,Los Angeles,7.268656716417911
17,2002-04-30,San Francisco,Los Angeles,5.513002364066194
18,2002-04-30,Chicago,Minneapolis,6.382957884427032
19,2002-04-30,Los Angeles,San Francisco,3.7855504587155964
20,2002-05-31,Minneapolis,Chicago,1.9378283712784588
21,2002-05-31,Las Vegas,Los Angeles,5.70953237410072
22,2002-05-31,San Francisco,Los Angeles,2.508833922261484
23,2002-05-31,Chicago,Minneapolis,4.280732345248475
24,2002-05-31,Los Angeles,San Francisco,1.8745724059293045
25,2002-06-30,Minneapolis,Chicago,10.31045490822027
26,2002-06-30,Las Vegas,Los Angeles,7.333333333333333
27,2002-06-30,San Francisco,Los Angeles,7.956419316843345
28,2002-06-30,Chicago,Minneapolis,14.207317073170731
29,2002-06-30,Los Angeles,San Francisco,5.675581395348837
30,2002-07-31,Minneapolis,Chicago,5.169540229885057
31,2002-07-31,Las Vegas,Los Angeles,9.597754911131899
32,2002-07-31,San Francisco,Los Angeles,3.8344827586206898
33,2002-07-31,Chicago,Minneapolis,5.970007315288954
34,2002-07-31,Los Angeles,San Francisco,1.6852678571428572
35,2002-08-31,Minneapolis,Chicago,4.956741167988464
36,2002-08-31,Las Vegas,Los Angeles,9.312442396313363
37,2002-08-31,San Francisco,Los Angeles,6.3180252583237655
38,2002-08-31,Chicago,Minneapolis,6.379970544918999
39,2002-08-31,Los Angeles,San Francisco,5.221229050279329
40,2002-09-30,Minneapolis,Chicago,2.0981308411214954
41,2002-09-30,Las Vegas,Los Angeles,4.986027944111776
42,2002-09-30,San Francisco,Los Angeles,-0.6043533930857875
43,2002-09-30,Chicago,Minneapolis,2.6862589356632247
44,2002-09-30,Los Angeles,San Francisco,-0.8894409937888199
45,2002-10-31,Minneapolis,Chicago,1.0131675201170447
46,2002-10-31,Las Vegas,Los Angeles,6.754335260115607
47,2002-10-31,San Francisco,Los Angeles,1.94320987654321
48,2002-10-31,Chicago,Minneapolis,1.9406087602078694
49,2002-10-31,Los Angeles,San Francisco,0.558858501783591
50,2002-11-30,Minneapolis,Chicago,0.577261809447558
51,2002-11-30,Las Vegas,Los Angeles,8.046201232032855
52,2002-11-30,San Francisco,Los Angeles,4.94839609483961
53,2002-11-30,Chicago,Minneapolis,1.6916802610114192
54,2002-11-30,Los Angeles,San Francisco,4.699460916442049
55,2002-12-31,Minneapolis,Chicago,3.5515370705244123
56,2002-12-31,Las Vegas,Los Angeles,7.778894472361809
57,2002-12-31,San Francisco,Los Angeles,14.071618037135279
58,2002-12-31,Chicago,Minneapolis,6.1319073083778965
59,2002-12-31,Los Angeles,San Francisco,14.60253164556962
0,2003-01-31,Minneapolis,Chicago,1.827734095782702
1,2003-01-31,Las Vegas,Los Angeles,2.952
2,2003-01-31,San Francisco,Los Angeles,2.9516129032258065
3,2003-01-31,Chicago,Minneapolis,2.641359363702097
4,2003-01-31,Los Angeles,San Francisco,2.608751608751609
5,2003-02-28,Minneapolis,Chicago,3.0770416024653313
6,2003-02-28,Las Vegas,Los Angeles,10.029115341545353
7,2003-02-28,San Francisco,Los Angeles,0.7556904400606981
8,2003-02-28,Chicago,Minneapolis,4.100708103855232
9,2003-02-28,Los Angeles,San Francisco,1.389458272327965
10,2003-03-31,Minneapolis,Chicago,2.498939929328622
11,2003-03-31,Las Vegas,Los Angeles,6.43213897937025
12,2003-03-31,San Francisco,Los Angeles,0.7057220708446866
13,2003-03-31,Chicago,Minneapolis,3.6918646508279336
14,2003-03-31,Los Angeles,San Francisco,-2.001300390117035
15,2003-04-30,Minneapolis,Chicago,2.6518282988871222
16,2003-04-30,Las Vegas,Los Angeles,2.680709534368071
17,2003-04-30,San Francisco,Los Angeles,0.31029619181946405
18,2003-04-30,Chicago,Minneapolis,2.2851437699680512
19,2003-04-30,Los Angeles,San Francisco,-0.33604336043360433
20,2003-05-31,Minneapolis,Chicago,1.7367624810892588
21,2003-05-31,Las Vegas,Los Angeles,3.2982646420824295
22,2003-05-31,San Francisco,Los Angeles,2.6988795518207285
23,2003-05-31,Chicago,Minneapolis,2.799093655589124
24,2003-05-31,Los Angeles,San Francisco,0.08882907133243607
25,2003-06-30,Minneapolis,Chicago,2.1947483588621446
26,2003-06-30,Las Vegas,Los Angeles,6.148558758314856
27,2003-06-30,San Francisco,Los Angeles,4.6540145985401455
28,2003-06-30,Chicago,Minneapolis,1.9689807976366323
29,2003-06-30,Los Angeles,San Francisco,2.139154160982265
30,2003-07-31,Minneapolis,Chicago,9.054131054131053
31,2003-07-31,Las Vegas,Los Angeles,8.332974137931034
32,2003-07-31,San Francisco,Los Angeles,3.0114285714285716
33,2003-07-31,Chicago,Minneapolis,7.868267831149927
34,2003-07-31,Los Angeles,San Francisco,0.8802631578947369
35,2003-08-31,Minneapolis,Chicago,6.322070452911574
36,2003-08-31,Las Vegas,Los Angeles,5.669172932330827
37,2003-08-31,San Francisco,Los Angeles,2.663265306122449
38,2003-08-31,Chicago,Minneapolis,5.7944403803950255
39,2003-08-31,Los Angeles,San Francisco,1.9479305740987984
40,2003-09-30,Minneapolis,Chicago,1.6048034934497817
41,2003-09-30,Las Vegas,Los Angeles,2.641711229946524
42,2003-09-30,San Francisco,Los Angeles,-0.62555720653789
43,2003-09-30,Chicago,Minneapolis,0.8642433234421365
44,2003-09-30,Los Angeles,San Francisco,-1.3974358974358974
45,2003-10-31,Minneapolis,Chicago,-0.5453296703296703
46,2003-10-31,Las Vegas,Los Angeles,7.936627282491944
47,2003-10-31,San Francisco,Los Angeles,1.396755162241888
48,2003-10-31,Chicago,Minneapolis,-0.6741415557112824
49,2003-10-31,Los Angeles,San Francisco,0.9876203576341128
50,2003-11-30,Minneapolis,Chicago,11.515415019762846
51,2003-11-30,Las Vegas,Los Angeles,7.62967032967033
52,2003-11-30,San Francisco,Los Angeles,8.687595712098009
53,2003-11-30,Chicago,Minneapolis,13.3872
54,2003-11-30,Los Angeles,San Francisco,3.9824817518248175
55,2003-12-31,Minneapolis,Chicago,8.051240992794236
56,2003-12-31,Las Vegas,Los Angeles,8.297631307929969
57,2003-12-31,San Francisco,Los Angeles,13.79611650485437
58,2003-12-31,Chicago,Minneapolis,9.663745019920318
59,2003-12-31,Los Angeles,San Francisco,9.802949061662199
0,2004-01-31,Minneapolis,Chicago,11.857142857142858
1,2004-01-31,Las Vegas,Los Angeles,6.192687747035573
2,2004-01-31,San Francisco,Los Angeles,9.107994389901823
3,2004-01-31,Chicago,Minneapolis,13.076438140267928
4,2004-01-31,Los Angeles,San Francisco,3.74468085106383
5,2004-02-29,Minneapolis,Chicago,4.473193473193473
6,2004-02-29,Las Vegas,Los Angeles,12.560669456066945
7,2004-02-29,San Francisco,Los Angeles,7.334821428571429
8,2004-02-29,Chicago,Minneapolis,6.174501992031873
9,2004-02-29,Los Angeles,San Francisco,5.354792560801145
10,2004-03-31,Minneapolis,Chicago,9.791911764705882
11,2004-03-31,Las Vegas,Los Angeles,5.6826923076923075
12,2004-03-31,San Francisco,Los Angeles,2.9325068870523414
13,2004-03-31,Chicago,Minneapolis,10.602719033232628
14,2004-03-31,Los Angeles,San Francisco,0.6457219251336899
15,2004-04-30,Minneapolis,Chicago,3.6269315673289184
16,2004-04-30,Las Vegas,Los Angeles,7.356725146198831
17,2004-04-30,San Francisco,Los Angeles,0.41975308641975306
18,2004-04-30,Chicago,Minneapolis,5.68796992481203
19,2004-04-30,Los Angeles,San Francisco,-1.0264255910987483
20,2004-05-31,Minneapolis,Chicago,12.293076923076923
21,2004-05-31,Las Vegas,Los Angeles,4.598864711447493
22,2004-05-31,San Francisco,Los Angeles,5.900815217391305
23,2004-05-31,Chicago,Minneapolis,14.056962025316455
24,2004-05-31,Los Angeles,San Francisco,2.444141689373297
25,2004-06-30,Minneapolis,Chicago,11.572267057960381
26,2004-06-30,Las Vegas,Los Angeles,10.755360623781677
27,2004-06-30,San Francisco,Los Angeles,8.467202141900938
28,2004-06-30,Chicago,Minneapolis,10.630147630147631
29,2004-06-30,Los Angeles,San Francisco,6.598130841121495
30,2004-07-31,Minneapolis,Chicago,11.561209439528023
31,2004-07-31,Las Vegas,Los Angeles,10.65080875356803
32,2004-07-31,San Francisco,Los Angeles,7.184041184041184
33,2004-07-31,Chicago,Minneapolis,8.278996865203762
34,2004-07-31,Los Angeles,San Francisco,7.028097062579821
35,2004-08-31,Minneapolis,Chicago,7.326221610461115
36,2004-08-31,Las Vegas,Los Angeles,9.850802644003776
37,2004-08-31,San Francisco,Los Angeles,7.344221105527638
38,2004-08-31,Chicago,Minneapolis,7.039560439560439
39,2004-08-31,Los Angeles,San Francisco,4.843631778058008
40,2004-09-30,Minneapolis,Chicago,0.6222723852520692
41,2004-09-30,Las Vegas,Los Angeles,7.574531095755183
42,2004-09-30,San Francisco,Los Angeles,4.433510638297872
43,2004-09-30,Chicago,Minneapolis,-0.9352290679304898
44,2004-09-30,Los Angeles,San Francisco,2.4501312335958003
45,2004-10-31,Minneapolis,Chicago,3.4985272459499264
46,2004-10-31,Las Vegas,Los Angeles,10.243503368623676
47,2004-10-31,San Francisco,Los Angeles,6.096985583224115
48,2004-10-31,Chicago,Minneapolis,3.510703363914373
49,2004-10-31,Los Angeles,San Francisco,2.9302915082382763
50,2004-11-30,Minneapolis,Chicago,6.87409200968523
51,2004-11-30,Las Vegas,Los Angeles,10.516569200779728
52,2004-11-30,San Francisco,Los Angeles,4.005509641873278
53,2004-11-30,Chicago,Minneapolis,6.268231349538977
54,2004-11-30,Los Angeles,San Francisco,0.031914893617021274
55,2004-12-31,Minneapolis,Chicago,10.856152512998268
56,2004-12-31,Las Vegas,Los Angeles,12.409980430528377
57,2004-12-31,San Francisco,Los Angeles,11.339118825100133
58,2004-12-31,Chicago,Minneapolis,10.838427947598253
59,2004-12-31,Los Angeles,San Francisco,5.887012987012987
0,2005-01-31,Minneapolis,Chicago,11.730327144120247
1,2005-01-31,Las Vegas,Los Angeles,14.5029296875
2,2005-01-31,San Francisco,Los Angeles,12.865781710914455
3,2005-01-31,Chicago,Minneapolis,11.912691269126913
4,2005-01-31,Los Angeles,San Francisco,5.157968970380818
5,2005-02-28,Minneapolis,Chicago,2.2470588235294118
6,2005-02-28,Las Vegas,Los Angeles,15.356446370530877
7,2005-02-28,San Francisco,Los Angeles,8.820097244732578
8,2005-02-28,Chicago,Minneapolis,2.72895467160037
9,2005-02-28,Los Angeles,San Francisco,3.5356037151702786
10,2005-03-31,Minneapolis,Chicago,7.583612040133779
11,2005-03-31,Las Vegas,Los Angeles,7.911045943304008
12,2005-03-31,San Francisco,Los Angeles,6.240981240981241
13,2005-03-31,Chicago,Minneapolis,6.90770533446232
14,2005-03-31,Los Angeles,San Francisco,4.243206521739131
15,2005-04-30,Minneapolis,Chicago,0.7337278106508875
16,2005-04-30,Las Vegas,Los Angeles,4.04863813229572
17,2005-04-30,San Francisco,Los Angeles,3.6555232558139537
18,2005-04-30,Chicago,Minneapolis,-0.08188153310104529
19,2005-04-30,Los Angeles,San Francisco,2.2276785714285716
20,2005-05-31,Minneapolis,Chicago,4.461363636363636
21,2005-05-31,Las Vegas,Los Angeles,4.53954802259887
22,2005-05-31,San Francisco,Los Angeles,7.462277091906722
23,2005-05-31,Chicago,Minneapolis,2.83515625
24,2005-05-31,Los Angeles,San Francisco,4.451253481894151
25,2005-06-30,Minneapolis,Chicago,11.919753086419753
26,2005-06-30,Las Vegas,Los Angeles,8.645914396887159
27,2005-06-30,San Francisco,Los Angeles,10.596209912536443
28,2005-06-30,Chicago,Minneapolis,7.453186467348544
29,2005-06-30,Los Angeles,San Francisco,9.934497816593886
30,2005-07-31,Minneapolis,Chicago,15.375786163522013
31,2005-07-31,Las Vegas,Los Angeles,10.538535645472061
32,2005-07-31,San Francisco,Los Angeles,7.612625538020086
33,2005-07-31,Chicago,Minneapolis,11.255573248407643
34,2005-07-31,Los Angeles,San Francisco,6.357954545454546
35,2005-08-31,Minneapolis,Chicago,8.300529901589705
36,2005-08-31,Las Vegas,Los Angeles,8.87793427230047
37,2005-08-31,San Francisco,Los Angeles,8.049295774647888
38,2005-08-31,Chicago,Minneapolis,8.630284396617986
39,2005-08-31,Los Angeles,San Francisco,4.7615062761506275
40,2005-09-30,Minneapolis,Chicago,6.396
41,2005-09-30,Las Vegas,Los Angeles,6.635755258126195
42,2005-09-30,San Francisco,Los Angeles,4.693295292439372
43,2005-09-30,Chicago,Minneapolis,5.597853014037985
44,2005-09-30,Los Angeles,San Francisco,3.698813056379822
45,2005-10-31,Minneapolis,Chicago,5.642148760330579
46,2005-10-31,Las Vegas,Los Angeles,10.06672845227062
47,2005-10-31,San Francisco,Los Angeles,6.066115702479339
48,2005-10-31,Chicago,Minneapolis,2.480475382003396
49,2005-10-31,Los Angeles,San Francisco,4.005755395683453
50,2005-11-30,Minneapolis,Chicago,8.949261992619926
51,2005-11-30,Las Vegas,Los Angeles,4.0
52,2005-11-30,San Francisco,Los Angeles,7.2942942942942945
53,2005-11-30,Chicago,Minneapolis,5.220322886989553
54,2005-11-30,Los Angeles,San Francisco,5.077697841726619
55,2005-12-31,Minneapolis,Chicago,20.065310492505354
56,2005-12-31,Las Vegas,Los Angeles,6.201171875
57,2005-12-31,San Francisco,Los Angeles,23.594285714285714
58,2005-12-31,Chicago,Minneapolis,17.197649572649574
59,2005-12-31,Los Angeles,San Francisco,21.97658402203857
0,2006-01-31,Minneapolis,Chicago,8.451141552511416
1,2006-01-31,Las Vegas,Los Angeles,6.541784037558686
2,2006-01-31,San Francisco,Los Angeles,10.007204610951009
3,2006-01-31,Chicago,Minneapolis,6.650467289719626
4,2006-01-31,Los Angeles,San Francisco,7.127272727272727
5,2006-02-28,Minneapolis,Chicago,9.377601585728444
6,2006-02-28,Las Vegas,Los Angeles,10.842857142857143
7,2006-02-28,San Francisco,Los Angeles,12.177394034536892
8,2006-02-28,Chicago,Minneapolis,6.026503567787971
9,2006-02-28,Los Angeles,San Francisco,8.39723926380368
10,2006-03-31,Minneapolis,Chicago,15.543554006968641
11,2006-03-31,Las Vegas,Los Angeles,11.075418994413408
12,2006-03-31,San Francisco,Los Angeles,17.424753867791843
13,2006-03-31,Chicago,Minneapolis,13.023423423423424
14,2006-03-31,Los Angeles,San Francisco,15.664819944598339
15,2006-04-30,Minneapolis,Chicago,10.33616298811545
16,2006-04-30,Las Vegas,Los Angeles,11.770593445527014
17,2006-04-30,San Francisco,Los Angeles,13.833333333333334
18,2006-04-30,Chicago,Minneapolis,8.08955223880597
19,2006-04-30,Los Angeles,San Francisco,11.01620029455081
20,2006-05-31,Minneapolis,Chicago,14.602775368603643
21,2006-05-31,Las Vegas,Los Angeles,7.804310344827586
22,2006-05-31,San Francisco,Los Angeles,7.316083916083916
23,2006-05-31,Chicago,Minneapolis,11.480553154710458
24,2006-05-31,Los Angeles,San Francisco,5.233566433566433
25,2006-06-30,Minneapolis,Chicago,15.145423438836612
26,2006-06-30,Las Vegas,Los Angeles,10.464093357271095
27,2006-06-30,San Francisco,Los Angeles,8.04822695035461
28,2006-06-30,Chicago,Minneapolis,7.530088495575221
29,2006-06-30,Los Angeles,San Francisco,8.258426966292134
30,2006-07-31,Minneapolis,Chicago,18.455470737913487
31,2006-07-31,Las Vegas,Los Angeles,12.241592920353982
32,2006-07-31,San Francisco,Los Angeles,9.847058823529412
33,2006-07-31,Chicago,Minneapolis,10.506690454950936
34,2006-07-31,Los Angeles,San Francisco,7.53558926487748
35,2006-08-31,Minneapolis,Chicago,13.889344262295081
36,2006-08-31,Las Vegas,Los Angeles,9.817549956559514
37,2006-08-31,San Francisco,Los Angeles,9.781645569620252
38,2006-08-31,Chicago,Minneapolis,8.959044368600683
39,2006-08-31,Los Angeles,San Francisco,6.463949843260188
40,2006-09-30,Minneapolis,Chicago,12.511265164644714
41,2006-09-30,Las Vegas,Los Angeles,6.7980339588918675
42,2006-09-30,San Francisco,Los Angeles,6.3042986425339365
43,2006-09-30,Chicago,Minneapolis,11.328900709219859
44,2006-09-30,Los Angeles,San Francisco,5.5106145251396645
45,2006-10-31,Minneapolis,Chicago,9.313973063973064
46,2006-10-31,Las Vegas,Los Angeles,9.283582089552239
47,2006-10-31,San Francisco,Los Angeles,9.016967126193
48,2006-10-31,Chicago,Minneapolis,9.698712446351932
49,2006-10-31,Los Angeles,San Francisco,7.720806794055202
50,2006-11-30,Minneapolis,Chicago,7.828970331588133
51,2006-11-30,Las Vegas,Los Angeles,5.350267379679145
52,2006-11-30,San Francisco,Los Angeles,11.518032786885247
53,2006-11-30,Chicago,Minneapolis,6.347670250896058
54,2006-11-30,Los Angeles,San Francisco,12.013756613756614
55,2006-12-31,Minneapolis,Chicago,15.423285198555957
56,2006-12-31,Las Vegas,Los Angeles,11.544093178036606
57,2006-12-31,San Francisco,Los Angeles,11.935449735449735
58,2006-12-31,Chicago,Minneapolis,13.802400738688828
59,2006-12-31,Los Angeles,San Francisco,11.968782518210197
0,2007-01-31,Minneapolis,Chicago,9.798525798525798
1,2007-01-31,Las Vegas,Los Angeles,8.18363939899833
2,2007-01-31,San Francisco,Los Angeles,6.138771186440678
3,2007-01-31,Chicago,Minneapolis,8.080604534005039
4,2007-01-31,Los Angeles,San Francisco,4.217616580310881
5,2007-02-28,Minneapolis,Chicago,16.463709677419356
6,2007-02-28,Las Vegas,Los Angeles,9.507421150278294
7,2007-02-28,San Francisco,Los Angeles,13.033564814814815
8,2007-02-28,Chicago,Minneapolis,15.608695652173912
9,2007-02-28,Los Angeles,San Francisco,12.397306397306398
10,2007-03-31,Minneapolis,Chicago,14.659050966608085
11,2007-03-31,Las Vegas,Los Angeles,7.98329156223893
12,2007-03-31,San Francisco,Los Angeles,5.101898101898102
13,2007-03-31,Chicago,Minneapolis,14.323396567299007
14,2007-03-31,Los Angeles,San Francisco,4.210930009587727
15,2007-04-30,Minneapolis,Chicago,13.31786339754816
16,2007-04-30,Las Vegas,Los Angeles,8.343347639484978
17,2007-04-30,San Francisco,Los Angeles,8.195201744820066
18,2007-04-30,Chicago,Minneapolis,11.197452229299364
19,2007-04-30,Los Angeles,San Francisco,6.940106951871658
20,2007-05-31,Minneapolis,Chicago,7.347343378271213
21,2007-05-31,Las Vegas,Los Angeles,5.779495524816924
22,2007-05-31,San Francisco,Los Angeles,7.4
23,2007-05-31,Chicago,Minneapolis,4.782932891466445
24,2007-05-31,Los Angeles,San Francisco,8.499460625674217
25,2007-06-30,Minneapolis,Chicago,16.145797598627787
26,2007-06-30,Las Vegas,Los Angeles,7.853321829163072
27,2007-06-30,San Francisco,Los Angeles,13.70111111111111
28,2007-06-30,Chicago,Minneapolis,14.109009009009009
29,2007-06-30,Los Angeles,San Francisco,11.997777777777777
30,2007-07-31,Minneapolis,Chicago,16.59843205574913
31,2007-07-31,Las Vegas,Los Angeles,8.424166666666666
32,2007-07-31,San Francisco,Los Angeles,17.93565976008724
33,2007-07-31,Chicago,Minneapolis,14.627180899908172
34,2007-07-31,Los Angeles,San Francisco,14.300424628450106
35,2007-08-31,Minneapolis,Chicago,24.040286481647268
36,2007-08-31,Las Vegas,Los Angeles,10.51963993453355
37,2007-08-31,San Francisco,Los Angeles,15.943894389438944
38,2007-08-31,Chicago,Minneapolis,23.321665089877012
39,2007-08-31,Los Angeles,San Francisco,11.655685441020191
40,2007-09-30,Minneapolis,Chicago,16.379924953095685
41,2007-09-30,Las Vegas,Los Angeles,4.099570815450644
42,2007-09-30,San Francisco,Los Angeles,10.060335195530726
43,2007-09-30,Chicago,Minneapolis,14.006930693069307
44,2007-09-30,Los Angeles,San Francisco,9.769832402234638
45,2007-10-31,Minneapolis,Chicago,15.889084507042254
46,2007-10-31,Las Vegas,Los Angeles,4.5749792874896436
47,2007-10-31,San Francisco,Los Angeles,14.535940803382664
48,2007-10-31,Chicago,Minneapolis,12.710944808231993
49,2007-10-31,Los Angeles,San Francisco,15.037974683544304
50,2007-11-30,Minneapolis,Chicago,6.487935656836461
51,2007-11-30,Las Vegas,Los Angeles,6.8313458262350935
52,2007-11-30,San Francisco,Los Angeles,16.87226277372263
53,2007-11-30,Chicago,Minneapolis,6.509859154929577
54,2007-11-30,Los Angeles,San Francisco,14.421052631578947
55,2007-12-31,Minneapolis,Chicago,25.48345035105316
56,2007-12-31,Las Vegas,Los Angeles,10.727909011373578
57,2007-12-31,San Francisco,Los Angeles,24.628930817610062
58,2007-12-31,Chicago,Minneapolis,24.335463258785943
59,2007-12-31,Los Angeles,San Francisco,20.558243727598565
0,2008-01-31,Minneapolis,Chicago,18.415718717683557
1,2008-01-31,Las Vegas,Los Angeles,13.488475177304965
2,2008-01-31,San Francisco,Los Angeles,35.04247104247104
3,2008-01-31,Chicago,Minneapolis,16.56291390728477
4,2008-01-31,Los Angeles,San Francisco,31.41431261770245
5,2008-02-29,Minneapolis,Chicago,20.07398843930636
6,2008-02-29,Las Vegas,Los Angeles,12.37512742099898
7,2008-02-29,San Francisco,Los Angeles,21.914
8,2008-02-29,Chicago,Minneapolis,17.78148148148148
9,2008-02-29,Los Angeles,San Francisco,20.127659574468087
10,2008-03-31,Minneapolis,Chicago,19.046487603305785
11,2008-03-31,Las Vegas,Los Angeles,8.902862985685072
12,2008-03-31,San Francisco,Los Angeles,12.854922279792746
13,2008-03-31,Chicago,Minneapolis,13.129608938547486
14,2008-03-31,Los Angeles,San Francisco,10.68922305764411
15,2008-04-30,Minneapolis,Chicago,13.948869223205506
16,2008-04-30,Las Vegas,Los Angeles,4.775257731958763
17,2008-04-30,San Francisco,Los Angeles,9.192173913043478
18,2008-04-30,Chicago,Minneapolis,8.093048128342247
19,2008-04-30,Los Angeles,San Francisco,6.391156462585034
20,2008-05-31,Minneapolis,Chicago,12.216300940438872
21,2008-05-31,Las Vegas,Los Angeles,6.124137931034483
22,2008-05-31,San Francisco,Los Angeles,13.704487722269263
23,2008-05-31,Chicago,Minneapolis,7.065803667745415
24,2008-05-31,Los Angeles,San Francisco,10.2682119205298
25,2008-06-30,Minneapolis,Chicago,23.768421052631577
26,2008-06-30,Las Vegas,Los Angeles,7.397773279352227
27,2008-06-30,San Francisco,Los Angeles,22.233644859813083
28,2008-06-30,Chicago,Minneapolis,21.36137440758294
29,2008-06-30,Los Angeles,San Francisco,17.664185277088503
30,2008-07-31,Minneapolis,Chicago,11.96080627099664
31,2008-07-31,Las Vegas,Los Angeles,7.12316715542522
32,2008-07-31,San Francisco,Los Angeles,17.77411376751855
33,2008-07-31,Chicago,Minneapolis,11.23206278026906
34,2008-07-31,Los Angeles,San Francisco,11.931983805668017
35,2008-08-31,Minneapolis,Chicago,8.458959537572253
36,2008-08-31,Las Vegas,Los Angeles,6.811111111111111
37,2008-08-31,San Francisco,Los Angeles,12.752542372881356
38,2008-08-31,Chicago,Minneapolis,5.0503512880562065
39,2008-08-31,Los Angeles,San Francisco,9.201666666666666
40,2008-09-30,Minneapolis,Chicago,4.2518518518518515
41,2008-09-30,Las Vegas,Los Angeles,3.3421052631578947
42,2008-09-30,San Francisco,Los Angeles,8.40102564102564
43,2008-09-30,Chicago,Minneapolis,3.875
44,2008-09-30,Los Angeles,San Francisco,6.0814070351758795
45,2008-10-31,Minneapolis,Chicago,2.4192439862542954
46,2008-10-31,Las Vegas,Los Angeles,1.57989417989418
47,2008-10-31,San Francisco,Los Angeles,7.121852970795569
48,2008-10-31,Chicago,Minneapolis,1.5717703349282297
49,2008-10-31,Los Angeles,San Francisco,4.964636542239686
50,2008-11-30,Minneapolis,Chicago,2.3499433748584373
51,2008-11-30,Las Vegas,Los Angeles,8.382022471910112
52,2008-11-30,San Francisco,Los Angeles,8.851485148514852
53,2008-11-30,Chicago,Minneapolis,2.14906103286385
54,2008-11-30,Los Angeles,San Francisco,5.741127348643007
55,2008-12-31,Minneapolis,Chicago,18.17051282051282
56,2008-12-31,Las Vegas,Los Angeles,14.521058965102286
57,2008-12-31,San Francisco,Los Angeles,23.77466251298027
58,2008-12-31,Chicago,Minneapolis,15.657252888318357
59,2008-12-31,Los Angeles,San Francisco,18.305858987090367
