,date,dest_city,origin_city,ArrDelay
0,1994-01-31,Minneapolis,Chicago,6.157718120805369
1,1994-01-31,Las Vegas,Los Angeles,0.7304878048780488
2,1994-01-31,San Francisco,Los Angeles,4.3400525854513585
3,1994-01-31,Chicago,Minneapolis,4.159090909090909
4,1994-01-31,Los Angeles,San Francisco,-0.4592920353982301
5,1994-02-28,Minneapolis,Chicago,3.5796930342384887
6,1994-02-28,Las Vegas,Los Angeles,1.3076923076923077
7,1994-02-28,San Francisco,Los Angeles,7.645286686103012
8,1994-02-28,Chicago,Minneapolis,-1.4403341288782816
9,1994-02-28,Los Angeles,San Francisco,2.7892156862745097
10,1994-03-31,Minneapolis,Chicago,-1.9738878143133463
11,1994-03-31,Las Vegas,Los Angeles,2.5957943925233646
12,1994-03-31,San Francisco,Los Angeles,1.6115843270868824
13,1994-03-31,Chicago,Minneapolis,-5.564251207729469
14,1994-03-31,Los Angeles,San Francisco,2.924640135478408
15,1994-04-30,Minneapolis,Chicago,-0.6315261044176707
16,1994-04-30,Las Vegas,Los Angeles,2.491504854368932
17,1994-04-30,San Francisco,Los Angeles,4.288194444444445
18,1994-04-30,Chicago,Minneapolis,-4.385405960945529
19,1994-04-30,Los Angeles,San Francisco,1.8357446808510638
20,1994-05-31,Minneapolis,Chicago,-2.0825335892514394
21,1994-05-31,Las Vegas,Los Angeles,2.8733031674208145
22,1994-05-31,San Francisco,Los Angeles,3.4373379429559203
23,1994-05-31,Chicago,Minneapolis,-5.1228239845261125
24,1994-05-31,Los Angeles,San Francisco,2.9725228975853457
25,1994-06-30,Minneapolis,Chicago,0.23139653414882771
26,1994-06-30,Las Vegas,Los Angeles,4.212792127921279
27,1994-06-30,San Francisco,Los Angeles,0.30835486649440136
28,1994-06-30,Chicago,Minneapolis,-1.234825870646766
29,1994-06-30,Los Angeles,San Francisco,1.7003338898163607
30,1994-07-31,Minneapolis,Chicago,-0.19903846153846153
31,1994-07-31,Las Vegas,Los Angeles,7.161904761904762
32,1994-07-31,San Francisco,Los Angeles,2.4362139917695473
33,1994-07-31,Chicago,Minneapolis,-1.1514860977948227
34,1994-07-31,Los Angeles,San Francisco,3.3276143790849675
35,1994-08-31,Minneapolis,Chicago,1.0559701492537314
36,1994-08-31,Las Vegas,Los Angeles,5.992924528301887
37,1994-08-31,San Francisco,Los Angeles,-0.144
38,1994-08-31,Chicago,Minneapolis,-2.136711281070746
39,1994-08-31,Los Angeles,San Francisco,1.2966855295068715
40,1994-09-30,Minneapolis,Chicago,-0.6040658276863504
41,1994-09-30,Las Vegas,Los Angeles,3.755787037037037
42,1994-09-30,San Francisco,Los Angeles,-0.7462437395659433
43,1994-09-30,Chicago,Minneapolis,-2.206997084548105
44,1994-09-30,Los Angeles,San Francisco,0.9746192893401016
45,1994-10-31,Minneapolis,Chicago,-1.677858439201452
46,1994-10-31,Las Vegas,Los Angeles,5.105203619909502
47,1994-10-31,San Francisco,Los Angeles,-6.010586319218241
48,1994-10-31,Chicago,Minneapolis,-2.6684831970935514
49,1994-10-31,Los Angeles,San Francisco,-4.014434643143544
50,1994-11-30,Minneapolis,Chicago,-1.9546370967741935
51,1994-11-30,Las Vegas,Los Angeles,4.388781431334623
52,1994-11-30,San Francisco,Los Angeles,-0.06906338694418164
53,1994-11-30,Chicago,Minneapolis,-3.9618090452261305
54,1994-11-30,Los Angeles,San Francisco,-1.9593417231364956
55,1994-12-31,Minneapolis,Chicago,-3.6722846441947565
56,1994-12-31,Las Vegas,Los Angeles,5.313157894736842
57,1994-12-31,San Francisco,Los Angeles,-1.2850953206239168
58,1994-12-31,Chicago,Minneapolis,-2.511342155009452
59,1994-12-31,Los Angeles,San Francisco,-2.235190097259063
0,1995-01-31,Minneapolis,Chicago,-4.241347053320861
1,1995-01-31,Las Vegas,Los Angeles,11.222405271828666
2,1995-01-31,San Francisco,Los Angeles,15.05397987191217
3,1995-01-31,Chicago,Minneapolis,-0.26360225140712945
4,1995-01-31,Los Angeles,San Francisco,9.144052044609666
5,1995-02-28,Minneapolis,Chicago,-4.787821122740247
6,1995-02-28,Las Vegas,Los Angeles,3.545060658578856
7,1995-02-28,San Francisco,Los Angeles,-2.5150943396226415
8,1995-02-28,Chicago,Minneapolis,-4.599019607843137
9,1995-02-28,Los Angeles,San Francisco,0.23069590085795996
10,1995-03-31,Minneapolis,Chicago,-3.399826539462272
11,1995-03-31,Las Vegas,Los Angeles,3.923076923076923
12,1995-03-31,San Francisco,Los Angeles,4.249562171628722
13,1995-03-31,Chicago,Minneapolis,-1.2113174182139699
14,1995-03-31,Los Angeles,San Francisco,2.537761601455869
15,1995-04-30,Minneapolis,Chicago,-2.1414233576642334
16,1995-04-30,Las Vegas,Los Angeles,1.5386454183266933
17,1995-04-30,San Francisco,Los Angeles,0.3714788732394366
18,1995-04-30,Chicago,Minneapolis,-1.798695246971109
19,1995-04-30,Los Angeles,San Francisco,-0.981300089047195
20,1995-05-31,Minneapolis,Chicago,-3.1863303498779496
21,1995-05-31,Las Vegas,Los Angeles,1.1686541737649063
22,1995-05-31,San Francisco,Los Angeles,1.5388007054673722
23,1995-05-31,Chicago,Minneapolis,-1.3813914501257334
24,1995-05-31,Los Angeles,San Francisco,0.3586459286367795
25,1995-06-30,Minneapolis,Chicago,-2.411129568106312
26,1995-06-30,Las Vegas,Los Angeles,5.614222222222222
27,1995-06-30,San Francisco,Los Angeles,4.105263157894737
28,1995-06-30,Chicago,Minneapolis,1.8573883161512028
29,1995-06-30,Los Angeles,San Francisco,5.45925925925926
30,1995-07-31,Minneapolis,Chicago,0.5656652360515021
31,1995-07-31,Las Vegas,Los Angeles,3.2867194371152153
32,1995-07-31,San Francisco,Los Angeles,-2.964737793851718
33,1995-07-31,Chicago,Minneapolis,1.823175965665236
34,1995-07-31,Los Angeles,San Francisco,0.596100278551532
35,1995-08-31,Minneapolis,Chicago,4.923832923832924
36,1995-08-31,Las Vegas,Los Angeles,4.5931330472103005
37,1995-08-31,San Francisco,Los Angeles,-3.20704845814978
38,1995-08-31,Chicago,Minneapolis,6.5726004922067265
39,1995-08-31,Los Angeles,San Francisco,0.8318345323741008
40,1995-09-30,Minneapolis,Chicago,-1.5202360876897134
41,1995-09-30,Las Vegas,Los Angeles,2.112488928255093
42,1995-09-30,San Francisco,Los Angeles,-1.3868194842406876
43,1995-09-30,Chicago,Minneapolis,-0.7558441558441559
44,1995-09-30,Los Angeles,San Francisco,-0.9445506692160612
45,1995-10-31,Minneapolis,Chicago,0.6349840255591054
46,1995-10-31,Las Vegas,Los Angeles,4.940818102697998
47,1995-10-31,San Francisco,Los Angeles,2.2808988764044944
48,1995-10-31,Chicago,Minneapolis,0.5387755102040817
49,1995-10-31,Los Angeles,San Francisco,7.66376306620209
50,1995-11-30,Minneapolis,Chicago,1.741991341991342
51,1995-11-30,Las Vegas,Los Angeles,10.718132854578098
52,1995-11-30,San Francisco,Los Angeles,11.9335232668566
53,1995-11-30,Chicago,Minneapolis,1.1898846495119788
54,1995-11-30,Los Angeles,San Francisco,10.74409820585458
55,1995-12-31,Minneapolis,Chicago,4.400544959128065
56,1995-12-31,Las Vegas,Los Angeles,10.211754537597233
57,1995-12-31,San Francisco,Los Angeles,28.5179584120983
58,1995-12-31,Chicago,Minneapolis,3.657142857142857
59,1995-12-31,Los Angeles,San Francisco,20.013270142180094
0,1996-01-31,Minneapolis,Chicago,6.206864564007422
1,1996-01-31,Las Vegas,Los Angeles,5.923339011925043
2,1996-01-31,San Francisco,Los Angeles,15.366666666666667
3,1996-01-31,Chicago,Minneapolis,6.797169811320755
4,1996-01-31,Los Angeles,San Francisco,7.832221163012393
5,1996-02-29,Minneapolis,Chicago,2.9489322191272054
6,1996-02-29,Las Vegas,Los Angeles,6.958818263205013
7,1996-02-29,San Francisco,Los Angeles,19.64110127826942
8,1996-02-29,Chicago,Minneapolis,1.299618320610687
9,1996-02-29,Los Angeles,San Francisco,14.749256689791872
10,1996-03-31,Minneapolis,Chicago,-1.2406277244986923
11,1996-03-31,Las Vegas,Los Angeles,3.9771573604060912
12,1996-03-31,San Francisco,Los Angeles,2.3858549686660697
13,1996-03-31,Chicago,Minneapolis,-0.46024734982332155
14,1996-03-31,Los Angeles,San Francisco,2.015342960288809
15,1996-04-30,Minneapolis,Chicago,-1.321148825065274
16,1996-04-30,Las Vegas,Los Angeles,1.8904469763365468
17,1996-04-30,San Francisco,Los Angeles,-1.0419776119402986
18,1996-04-30,Chicago,Minneapolis,-1.0348214285714286
19,1996-04-30,Los Angeles,San Francisco,-3.1037383177570095
20,1996-05-31,Minneapolis,Chicago,9.771758436944937
21,1996-05-31,Las Vegas,Los Angeles,0.566722972972973
22,1996-05-31,San Francisco,Los Angeles,-0.023963133640552997
23,1996-05-31,Chicago,Minneapolis,5.604757548032937
24,1996-05-31,Los Angeles,San Francisco,-3.0511669658886893
25,1996-06-30,Minneapolis,Chicago,7.121621621621622
26,1996-06-30,Las Vegas,Los Angeles,2.4783333333333335
27,1996-06-30,San Francisco,Los Angeles,0.5585156993339676
28,1996-06-30,Chicago,Minneapolis,6.628010704727921
29,1996-06-30,Los Angeles,San Francisco,0.3290909090909091
30,1996-07-31,Minneapolis,Chicago,4.537671232876712
31,1996-07-31,Las Vegas,Los Angeles,4.373221757322176
32,1996-07-31,San Francisco,Los Angeles,-1.6153136531365313
33,1996-07-31,Chicago,Minneapolis,0.9732528041415013
34,1996-07-31,Los Angeles,San Francisco,0.21422300263388938
35,1996-08-31,Minneapolis,Chicago,1.709322033898305
36,1996-08-31,Las Vegas,Los Angeles,5.978861788617886
37,1996-08-31,San Francisco,Los Angeles,1.0205223880597014
38,1996-08-31,Chicago,Minneapolis,0.675446049277825
39,1996-08-31,Los Angeles,San Francisco,3.549645390070922
40,1996-09-30,Minneapolis,Chicago,1.0441176470588236
41,1996-09-30,Las Vegas,Los Angeles,3.210217755443886
42,1996-09-30,San Francisco,Los Angeles,3.0028169014084507
43,1996-09-30,Chicago,Minneapolis,-2.4507042253521125
44,1996-09-30,Los Angeles,San Francisco,3.8549763033175357
45,1996-10-31,Minneapolis,Chicago,1.0671085335542667
46,1996-10-31,Las Vegas,Los Angeles,9.170491803278688
47,1996-10-31,San Francisco,Los Angeles,10.736455463728191
48,1996-10-31,Chicago,Minneapolis,-2.2748538011695905
49,1996-10-31,Los Angeles,San Francisco,12.42300556586271
50,1996-11-30,Minneapolis,Chicago,1.4193236714975845
51,1996-11-30,Las Vegas,Los Angeles,6.759148936170213
52,1996-11-30,San Francisco,Los Angeles,7.796859666339548
53,1996-11-30,Chicago,Minneapolis,-1.2173913043478262
54,1996-11-30,Los Angeles,San Francisco,5.717587939698492
55,1996-12-31,Minneapolis,Chicago,10.862512363996043
56,1996-12-31,Las Vegas,Los Angeles,15.14261744966443
57,1996-12-31,San Francisco,Los Angeles,22.642441860465116
58,1996-12-31,Chicago,Minneapolis,9.701581027667984
59,1996-12-31,Los Angeles,San Francisco,19.4636815920398
0,1997-01-31,Minneapolis,Chicago,7.920118343195266
1,1997-01-31,Las Vegas,Los Angeles,11.140703517587939
2,1997-01-31,San Francisco,Los Angeles,20.554901960784314
3,1997-01-31,Chicago,Minneapolis,6.680746561886051
4,1997-01-31,Los Angeles,San Francisco,14.333996023856859
5,1997-02-28,Minneapolis,Chicago,4.348148148148148
6,1997-02-28,Las Vegas,Los Angeles,4.079962370649106
7,1997-02-28,San Francisco,Los Angeles,5.104462474645031
8,1997-02-28,Chicago,Minneapolis,6.23305954825462
9,1997-02-28,Los Angeles,San Francisco,3.678794178794179
10,1997-03-31,Minneapolis,Chicago,5.215033301617507
11,1997-03-31,Las Vegas,Los Angeles,3.74234693877551
12,1997-03-31,San Francisco,Los Angeles,-1.1134492223238792
13,1997-03-31,Chicago,Minneapolis,2.816914498141264
14,1997-03-31,Los Angeles,San Francisco,2.0717529518619435
15,1997-04-30,Minneapolis,Chicago,0.8365019011406845
16,1997-04-30,Las Vegas,Los Angeles,2.5623365300784657
17,1997-04-30,San Francisco,Los Angeles,2.359333917616126
18,1997-04-30,Chicago,Minneapolis,-0.35315985130111527
19,1997-04-30,Los Angeles,San Francisco,-1.3057491289198606
20,1997-05-31,Minneapolis,Chicago,-0.7720254314259763
21,1997-05-31,Las Vegas,Los Angeles,2.0417376490630326
22,1997-05-31,San Francisco,Los Angeles,0.7121993127147767
23,1997-05-31,Chicago,Minneapolis,-1.5057675244010649
24,1997-05-31,Los Angeles,San Francisco,3.1884057971014492
25,1997-06-30,Minneapolis,Chicago,2.8832252085264134
26,1997-06-30,Las Vegas,Los Angeles,4.003659652333028
27,1997-06-30,San Francisco,Los Angeles,6.978668941979522
28,1997-06-30,Chicago,Minneapolis,2.8305235137533273
29,1997-06-30,Los Angeles,San Francisco,9.382404181184668
30,1997-07-31,Minneapolis,Chicago,6.073236889692586
31,1997-07-31,Las Vegas,Los Angeles,3.4038461538461537
32,1997-07-31,San Francisco,Los Angeles,3.283828382838284
33,1997-07-31,Chicago,Minneapolis,3.122574955908289
34,1997-07-31,Los Angeles,San Francisco,6.772203947368421
35,1997-08-31,Minneapolis,Chicago,3.2488563586459285
36,1997-08-31,Las Vegas,Los Angeles,6.409954751131222
37,1997-08-31,San Francisco,Los Angeles,9.581297388374052
38,1997-08-31,Chicago,Minneapolis,-0.5031222123104371
39,1997-08-31,Los Angeles,San Francisco,11.321281840591618
40,1997-09-30,Minneapolis,Chicago,0.6268656716417911
41,1997-09-30,Las Vegas,Los Angeles,0.5495412844036697
42,1997-09-30,San Francisco,Los Angeles,-1.4151624548736461
43,1997-09-30,Chicago,Minneapolis,-1.5622119815668203
44,1997-09-30,Los Angeles,San Francisco,-0.1947935368043088
45,1997-10-31,Minneapolis,Chicago,0.9855985598559855
46,1997-10-31,Las Vegas,Los Angeles,3.4510150044130627
47,1997-10-31,San Francisco,Los Angeles,5.7296099290780145
48,1997-10-31,Chicago,Minneapolis,-1.7982222222222222
49,1997-10-31,Los Angeles,San Francisco,4.502226179875334
50,1997-11-30,Minneapolis,Chicago,-1.667644183773216
51,1997-11-30,Las Vegas,Los Angeles,3.6339449541284403
52,1997-11-30,San Francisco,Los Angeles,11.110144927536233
53,1997-11-30,Chicago,Minneapolis,0.05632411067193676
54,1997-11-30,Los Angeles,San Francisco,7.575642245480495
55,1997-12-31,Minneapolis,Chicago,0.45948616600790515
56,1997-12-31,Las Vegas,Los Angeles,5.9814471243042675
57,1997-12-31,San Francisco,Los Angeles,5.925482980680773
58,1997-12-31,Chicago,Minneapolis,1.4759519038076152
59,1997-12-31,Los Angeles,San Francisco,4.426456984273821
0,1998-01-31,Minneapolis,Chicago,5.058401639344262
1,1998-01-31,Las Vegas,Los Angeles,4.3703024747937675
2,1998-01-31,San Francisco,Los Angeles,24.671079429735233
3,1998-01-31,Chicago,Minneapolis,6.758196721311475
4,1998-01-31,Los Angeles,San Francisco,14.445696721311476
5,1998-02-28,Minneapolis,Chicago,-2.1240951396070322
6,1998-02-28,Las Vegas,Los Angeles,11.009940357852882
7,1998-02-28,San Francisco,Los Angeles,28.970238095238095
8,1998-02-28,Chicago,Minneapolis,3.6534859521331944
9,1998-02-28,Los Angeles,San Francisco,21.915254237288135
10,1998-03-31,Minneapolis,Chicago,4.456542502387775
11,1998-03-31,Las Vegas,Los Angeles,3.94750656167979
12,1998-03-31,San Francisco,Los Angeles,7.749045801526718
13,1998-03-31,Chicago,Minneapolis,6.913002806361085
14,1998-03-31,Los Angeles,San Francisco,10.06826923076923
15,1998-04-30,Minneapolis,Chicago,-0.9300291545189504
16,1998-04-30,Las Vegas,Los Angeles,2.0955357142857145
17,1998-04-30,San Francisco,Los Angeles,3.9257086999022484
18,1998-04-30,Chicago,Minneapolis,1.4946859903381642
19,1998-04-30,Los Angeles,San Francisco,4.671890303623898
20,1998-05-31,Minneapolis,Chicago,4.111655239960823
21,1998-05-31,Las Vegas,Los Angeles,1.1190689346463742
22,1998-05-31,San Francisco,Los Angeles,13.17287784679089
23,1998-05-31,Chicago,Minneapolis,3.699106256206554
24,1998-05-31,Los Angeles,San Francisco,11.432682425488181
25,1998-06-30,Minneapolis,Chicago,11.522749273959342
26,1998-06-30,Las Vegas,Los Angeles,2.163452708907254
27,1998-06-30,San Francisco,Los Angeles,11.414346895074946
28,1998-06-30,Chicago,Minneapolis,7.112621359223301
29,1998-06-30,Los Angeles,San Francisco,7.775808133472367
30,1998-07-31,Minneapolis,Chicago,0.6348920863309353
31,1998-07-31,Las Vegas,Los Angeles,4.10046511627907
32,1998-07-31,San Francisco,Los Angeles,8.272353545734841
33,1998-07-31,Chicago,Minneapolis,-0.09605026929982047
34,1998-07-31,Los Angeles,San Francisco,4.914829659318637
35,1998-08-31,Minneapolis,Chicago,7.58889934148636
36,1998-08-31,Las Vegas,Los Angeles,5.78018018018018
37,1998-08-31,San Francisco,Los Angeles,3.8356435643564355
38,1998-08-31,Chicago,Minneapolis,7.032288698955366
39,1998-08-31,Los Angeles,San Francisco,2.3779296875
40,1998-09-30,Minneapolis,Chicago,2.7356181150550793
41,1998-09-30,Las Vegas,Los Angeles,1.1021611001964637
42,1998-09-30,San Francisco,Los Angeles,4.8662486938349
43,1998-09-30,Chicago,Minneapolis,0.35759897828863346
44,1998-09-30,Los Angeles,San Francisco,4.0073221757322175
45,1998-10-31,Minneapolis,Chicago,0.16770740410347904
46,1998-10-31,Las Vegas,Los Angeles,4.01705565529623
47,1998-10-31,San Francisco,Los Angeles,4.133990147783251
48,1998-10-31,Chicago,Minneapolis,-1.2279608192341942
49,1998-10-31,Los Angeles,San Francisco,2.358252427184466
50,1998-11-30,Minneapolis,Chicago,-2.307170542635659
51,1998-11-30,Las Vegas,Los Angeles,2.5627864344637947
52,1998-11-30,San Francisco,Los Angeles,2.5263736263736263
53,1998-11-30,Chicago,Minneapolis,-4.710351377018044
54,1998-11-30,Los Angeles,San Francisco,-0.053551912568306013
55,1998-12-31,Minneapolis,Chicago,-1.3279187817258884
56,1998-12-31,Las Vegas,Los Angeles,7.969006381039198
57,1998-12-31,San Francisco,Los Angeles,1.0140540540540541
58,1998-12-31,Chicago,Minneapolis,-2.980691056910569
59,1998-12-31,Los Angeles,San Francisco,2.6565874730021597
0,1999-01-31,Minneapolis,Chicago,11.240217391304348
1,1999-01-31,Las Vegas,Los Angeles,2.552973977695167
2,1999-01-31,San Francisco,Los Angeles,2.71509009009009
3,1999-01-31,Chicago,Minneapolis,12.530567685589519
4,1999-01-31,Los Angeles,San Francisco,1.533408833522084
5,1999-02-28,Minneapolis,Chicago,-1.0072765072765073
6,1999-02-28,Las Vegas,Los Angeles,2.310598111227702
7,1999-02-28,San Francisco,Los Angeles,0.6497584541062802
8,1999-02-28,Chicago,Minneapolis,-1.7163865546218486
9,1999-02-28,Los Angeles,San Francisco,2.597069597069597
10,1999-03-31,Minneapolis,Chicago,-2.1610414657666346
11,1999-03-31,Las Vegas,Los Angeles,1.8260437375745526
12,1999-03-31,San Francisco,Los Angeles,3.727272727272727
13,1999-03-31,Chicago,Minneapolis,-2.7828947368421053
14,1999-03-31,Los Angeles,San Francisco,4.681818181818182
15,1999-04-30,Minneapolis,Chicago,2.448
16,1999-04-30,Las Vegas,Los Angeles,5.773895169578623
17,1999-04-30,San Francisco,Los Angeles,5.265237020316027
18,1999-04-30,Chicago,Minneapolis,3.9087301587301586
19,1999-04-30,Los Angeles,San Francisco,0.8953229398663697
20,1999-05-31,Minneapolis,Chicago,2.723404255319149
21,1999-05-31,Las Vegas,Los Angeles,2.9555774925962486
22,1999-05-31,San Francisco,Los Angeles,6.118336886993603
23,1999-05-31,Chicago,Minneapolis,6.3226744186046515
24,1999-05-31,Los Angeles,San Francisco,0.4645922746781116
25,1999-06-30,Minneapolis,Chicago,6.262425447316104
26,1999-06-30,Las Vegas,Los Angeles,5.404984423676012
27,1999-06-30,San Francisco,Los Angeles,4.2773645058448455
28,1999-06-30,Chicago,Minneapolis,5.22398414271556
29,1999-06-30,Los Angeles,San Francisco,2.9873417721518987
30,1999-07-31,Minneapolis,Chicago,6.838403041825095
31,1999-07-31,Las Vegas,Los Angeles,7.701125895598771
32,1999-07-31,San Francisco,Los Angeles,3.2219917012448134
33,1999-07-31,Chicago,Minneapolis,6.702960840496657
34,1999-07-31,Los Angeles,San Francisco,2.6212278876170654
35,1999-08-31,Minneapolis,Chicago,2.0794824399260627
36,1999-08-31,Las Vegas,Los Angeles,7.708962739174219
37,1999-08-31,San Francisco,Los Angeles,15.33841131664853
38,1999-08-31,Chicago,Minneapolis,1.5121042830540037
39,1999-08-31,Los Angeles,San Francisco,10.66200215285253
40,1999-09-30,Minneapolis,Chicago,-1.9585296889726673
41,1999-09-30,Las Vegas,Los Angeles,11.112359550561798
42,1999-09-30,San Francisco,Los Angeles,13.45479704797048
43,1999-09-30,Chicago,Minneapolis,-2.2711069418386494
44,1999-09-30,Los Angeles,San Francisco,13.860550458715597
45,1999-10-31,Minneapolis,Chicago,0.9790528233151184
46,1999-10-31,Las Vegas,Los Angeles,8.28
47,1999-10-31,San Francisco,Los Angeles,-0.029229406554472984
48,1999-10-31,Chicago,Minneapolis,-1.4466019417475728
49,1999-10-31,Los Angeles,San Francisco,2.0208333333333335
50,1999-11-30,Minneapolis,Chicago,-1.1561618062088428
51,1999-11-30,Las Vegas,Los Angeles,7.827046918123275
52,1999-11-30,San Francisco,Los Angeles,7.391347099311701
53,1999-11-30,Chicago,Minneapolis,-1.9689557855127
54,1999-11-30,Los Angeles,San Francisco,7.9312015503875966
55,1999-12-31,Minneapolis,Chicago,2.1585106382978725
56,1999-12-31,Las Vegas,Los Angeles,5.342245989304812
57,1999-12-31,San Francisco,Los Angeles,-3.8464285714285715
58,1999-12-31,Chicago,Minneapolis,4.8400423728813555
59,1999-12-31,Los Angeles,San Francisco,-2.9196822594880847
0,2000-01-31,Minneapolis,Chicago,3.1956967213114753
1,2000-01-31,Las Vegas,Los Angeles,5.20460358056266
2,2000-01-31,San Francisco,Los Angeles,8.177136972193615
3,2000-01-31,Chicago,Minneapolis,2.274793388429752
4,2000-01-31,Los Angeles,San Francisco,4.144171779141105
5,2000-02-29,Minneapolis,Chicago,4.007454739084132
6,2000-02-29,Las Vegas,Los Angeles,11.48417132216015
7,2000-02-29,San Francisco,Los Angeles,22.599763872491145
8,2000-02-29,Chicago,Minneapolis,4.676086956521739
9,2000-02-29,Los Angeles,San Francisco,18.553846153846155
10,2000-03-31,Minneapolis,Chicago,-0.22659176029962547
11,2000-03-31,Las Vegas,Los Angeles,8.925647451963242
12,2000-03-31,San Francisco,Los Angeles,4.663479923518165
13,2000-03-31,Chicago,Minneapolis,1.3529411764705883
14,2000-03-31,Los Angeles,San Francisco,5.012512030798845
15,2000-04-30,Minneapolis,Chicago,2.7977867203219318
16,2000-04-30,Las Vegas,Los Angeles,7.635075287865368
17,2000-04-30,San Francisco,Los Angeles,9.331400966183574
18,2000-04-30,Chicago,Minneapolis,2.6741573033707864
19,2000-04-30,Los Angeles,San Francisco,8.617618586640852
20,2000-05-31,Minneapolis,Chicago,4.20375865479723
21,2000-05-31,Las Vegas,Los Angeles,5.995020746887967
22,2000-05-31,San Francisco,Los Angeles,11.05720122574055
23,2000-05-31,Chicago,Minneapolis,3.8413793103448275
24,2000-05-31,Los Angeles,San Francisco,11.443406022845275
25,2000-06-30,Minneapolis,Chicago,9.045589692765114
26,2000-06-30,Las Vegas,Los Angeles,7.219383259911894
27,2000-06-30,San Francisco,Los Angeles,11.99003984063745
28,2000-06-30,Chicago,Minneapolis,9.718562874251496
29,2000-06-30,Los Angeles,San Francisco,12.259818731117825
30,2000-07-31,Minneapolis,Chicago,5.376840039254171
31,2000-07-31,Las Vegas,Los Angeles,4.933333333333334
32,2000-07-31,San Francisco,Los Angeles,22.9723991507431
33,2000-07-31,Chicago,Minneapolis,9.501972386587772
34,2000-07-31,Los Angeles,San Francisco,17.96186440677966
35,2000-08-31,Minneapolis,Chicago,6.412103746397695
36,2000-08-31,Las Vegas,Los Angeles,9.866340668296658
37,2000-08-31,San Francisco,Los Angeles,14.436008676789587
38,2000-08-31,Chicago,Minneapolis,6.79178605539637
39,2000-08-31,Los Angeles,San Francisco,14.565075921908894
40,2000-09-30,Minneapolis,Chicago,-1.5453629032258065
41,2000-09-30,Las Vegas,Los Angeles,3.0639192598822538
42,2000-09-30,San Francisco,Los Angeles,7.370023419203747
43,2000-09-30,Chicago,Minneapolis,-0.29846153846153844
44,2000-09-30,Los Angeles,San Francisco,7.922899884925202
45,2000-10-31,Minneapolis,Chicago,-2.7267605633802816
46,2000-10-31,Las Vegas,Los Angeles,14.550883095037847
47,2000-10-31,San Francisco,Los Angeles,27.06712962962963
48,2000-10-31,Chicago,Minneapolis,-0.11720226843100189
49,2000-10-31,Los Angeles,San Francisco,27.97902097902098
50,2000-11-30,Minneapolis,Chicago,2.5857438016528924
51,2000-11-30,Las Vegas,Los Angeles,6.6840753424657535
52,2000-11-30,San Francisco,Los Angeles,12.44795321637427
53,2000-11-30,Chicago,Minneapolis,7.5218274111675125
54,2000-11-30,Los Angeles,San Francisco,13.329099307159353
55,2000-12-31,Minneapolis,Chicago,18.347435897435897
56,2000-12-31,Las Vegas,Los Angeles,8.14358538657604
57,2000-12-31,San Francisco,Los Angeles,3.5594660194174756
58,2000-12-31,Chicago,Minneapolis,18.552699228791774
59,2000-12-31,Los Angeles,San Francisco,8.340119760479041
0,2001-01-31,Minneapolis,Chicago,-5.883052527254708
1,2001-01-31,Las Vegas,Los Angeles,5.545608108108108
2,2001-01-31,San Francisco,Los Angeles,1.1726954492415402
3,2001-01-31,Chicago,Minneapolis,-2.1342412451361867
4,2001-01-31,Los Angeles,San Francisco,1.661214953271028
5,2001-02-28,Minneapolis,Chicago,1.7664071190211346
6,2001-02-28,Las Vegas,Los Angeles,6.7803521779425395
7,2001-02-28,San Francisco,Los Angeles,7.7137452711223204
8,2001-02-28,Chicago,Minneapolis,1.947191011235955
9,2001-02-28,Los Angeles,San Francisco,11.238335435056747
10,2001-03-31,Minneapolis,Chicago,-2.9847619047619047
11,2001-03-31,Las Vegas,Los Angeles,4.719864176570458
12,2001-03-31,San Francisco,Los Angeles,1.4909706546275394
13,2001-03-31,Chicago,Minneapolis,-1.0203515263644773
14,2001-03-31,Los Angeles,San Francisco,7.774744027303754
15,2001-04-30,Minneapolis,Chicago,3.2768304914744233
16,2001-04-30,Las Vegas,Los Angeles,2.9262966333030027
17,2001-04-30,San Francisco,Los Angeles,9.80971128608924
18,2001-04-30,Chicago,Minneapolis,3.0503524672708964
19,2001-04-30,Los Angeles,San Francisco,6.22483660130719
20,2001-05-31,Minneapolis,Chicago,-1.0027075812274369
21,2001-05-31,Las Vegas,Los Angeles,3.3813786929274845
22,2001-05-31,San Francisco,Los Angeles,-1.0482509047044632
23,2001-05-31,Chicago,Minneapolis,0.3515695067264574
24,2001-05-31,Los Angeles,San Francisco,3.7708578143360754
25,2001-06-30,Minneapolis,Chicago,0.4112595419847328
26,2001-06-30,Las Vegas,Los Angeles,1.6091743119266055
27,2001-06-30,San Francisco,Los Angeles,-5.087486157253599
28,2001-06-30,Chicago,Minneapolis,2.736792452830189
29,2001-06-30,Los Angeles,San Francisco,-1.5114754098360657
30,2001-07-31,Minneapolis,Chicago,-0.17699115044247787
31,2001-07-31,Las Vegas,Los Angeles,1.9806167400881056
32,2001-07-31,San Francisco,Los Angeles,2.917093142272262
33,2001-07-31,Chicago,Minneapolis,2.0628930817610063
34,2001-07-31,Los Angeles,San Francisco,4.532719836400818
35,2001-08-31,Minneapolis,Chicago,-0.7354260089686099
36,2001-08-31,Las Vegas,Los Angeles,3.376521739130435
37,2001-08-31,San Francisco,Los Angeles,-2.265686274509804
38,2001-08-31,Chicago,Minneapolis,2.721461187214612
39,2001-08-31,Los Angeles,San Francisco,-0.6594700686947988
40,2001-09-30,Minneapolis,Chicago,-3.288384512683578
41,2001-09-30,Las Vegas,Los Angeles,-3.5726970033296337
42,2001-09-30,San Francisco,Los Angeles,-7.085457271364318
43,2001-09-30,Chicago,Minneapolis,0.0
44,2001-09-30,Los Angeles,San Francisco,-3.8729446935724963
45,2001-10-31,Minneapolis,Chicago,-1.3184559710494572
46,2001-10-31,Las Vegas,Los Angeles,-1.7198795180722892
47,2001-10-31,San Francisco,Los Angeles,-1.2785185185185186
48,2001-10-31,Chicago,Minneapolis,-2.041769041769042
49,2001-10-31,Los Angeles,San Francisco,-5.933333333333334
50,2001-11-30,Minneapolis,Chicago,-2.5752753977968177
51,2001-11-30,Las Vegas,Los Angeles,-1.4594894561598224
52,2001-11-30,San Francisco,Los Angeles,1.1001589825119238
53,2001-11-30,Chicago,Minneapolis,-1.4122042341220424
54,2001-11-30,Los Angeles,San Francisco,-2.7285714285714286
55,2001-12-31,Minneapolis,Chicago,-0.9661654135338346
56,2001-12-31,Las Vegas,Los Angeles,-0.16864864864864865
57,2001-12-31,San Francisco,Los Angeles,9.182108626198083
58,2001-12-31,Chicago,Minneapolis,1.9155107187894074
59,2001-12-31,Los Angeles,San Francisco,0.970873786407767
0,2002-01-31,Minneapolis,Chicago,-3.7853598014888337
1,2002-01-31,Las Vegas,Los Angeles,-0.6960352422907489
2,2002-01-31,San Francisco,Los Angeles,0.4577572964669739
3,2002-01-31,Chicago,Minneapolis,-3.5830212234706615
4,2002-01-31,Los Angeles,San Francisco,-2.2117465224111283
5,2002-02-28,Minneapolis,Chicago,-4.448648648648649
6,2002-02-28,Las Vegas,Los Angeles,-1.4564164648910412
7,2002-02-28,San Francisco,Los Angeles,-3.437293729372937
8,2002-02-28,Chicago,Minneapolis,-3.553306342780027
9,2002-02-28,Los Angeles,San Francisco,-3.0921052631578947
10,2002-03-31,Minneapolis,Chicago,0.5183776932826363
11,2002-03-31,Las Vegas,Los Angeles,1.5733333333333333
12,2002-03-31,San Francisco,Los Angeles,-1.8303303303303304
13,2002-03-31,Chicago,Minneapolis,-0.11928934010152284
14,2002-03-31,Los Angeles,San Francisco,-1.2386706948640482
15,2002-04-30,Minneapolis,Chicago,0.0012077294685990338
16,2002-04-30,Las Vegas,Los Angeles,-0.36063708759954494
17,2002-04-30,San Francisco,Los Angeles,1.8760932944606414
18,2002-04-30,Chicago,Minneapolis,-0.16947115384615385
19,2002-04-30,Los Angeles,San Francisco,-3.994350282485876
20,2002-05-31,Minneapolis,Chicago,-4.067379679144385
21,2002-05-31,Las Vegas,Los Angeles,-0.5733186328555678
22,2002-05-31,San Francisco,Los Angeles,-3.207547169811321
23,2002-05-31,Chicago,Minneapolis,-3.0021459227467813
24,2002-05-31,Los Angeles,San Francisco,-7.001412429378531
25,2002-06-30,Minneapolis,Chicago,2.353405725567621
26,2002-06-30,Las Vegas,Los Angeles,1.0864618885096702
27,2002-06-30,San Francisco,Los Angeles,0.007204610951008645
28,2002-06-30,Chicago,Minneapolis,5.13
29,2002-06-30,Los Angeles,San Francisco,-1.0977337110481586
30,2002-07-31,Minneapolis,Chicago,-2.1083700440528634
31,2002-07-31,Las Vegas,Los Angeles,4.129220023282887
32,2002-07-31,San Francisco,Los Angeles,-5.313031161473088
33,2002-07-31,Chicago,Minneapolis,1.7319494584837545
34,2002-07-31,Los Angeles,San Francisco,-4.239398084815321
35,2002-08-31,Minneapolis,Chicago,-2.077130044843049
36,2002-08-31,Las Vegas,Los Angeles,4.197963800904978
37,2002-08-31,San Francisco,Los Angeles,1.0301724137931034
38,2002-08-31,Chicago,Minneapolis,0.2449725776965265
39,2002-08-31,Los Angeles,San Francisco,-3.4808219178082194
40,2002-09-30,Minneapolis,Chicago,-3.3230174081237913
41,2002-09-30,Las Vegas,Los Angeles,-0.5
42,2002-09-30,San Francisco,Los Angeles,-9.22776911076443
43,2002-09-30,Chicago,Minneapolis,-3.0978682170542635
44,2002-09-30,Los Angeles,San Francisco,-6.683890577507599
45,2002-10-31,Minneapolis,Chicago,-2.324640287769784
46,2002-10-31,Las Vegas,Los Angeles,1.3854289071680377
47,2002-10-31,San Francisco,Los Angeles,-3.995405819295559
48,2002-10-31,Chicago,Minneapolis,-2.841429880843263
49,2002-10-31,Los Angeles,San Francisco,-5.294629898403484
50,2002-11-30,Minneapolis,Chicago,-3.859512195121951
51,2002-11-30,Las Vegas,Los Angeles,1.7405541561712847
52,2002-11-30,San Francisco,Los Angeles,-7.449826989619377
53,2002-11-30,Chicago,Minneapolis,-3.1727642276422765
54,2002-11-30,Los Angeles,San Francisco,-3.485342019543974
55,2002-12-31,Minneapolis,Chicago,-4.083240843507214
56,2002-12-31,Las Vegas,Los Angeles,0.25091352009744217
57,2002-12-31,San Francisco,Los Angeles,10.023217247097843
58,2002-12-31,Chicago,Minneapolis,-1.1977653631284917
59,2002-12-31,Los Angeles,San Francisco,2.5267295597484276
0,2003-01-31,Minneapolis,Chicago,-4.085840707964602
1,2003-01-31,Las Vegas,Los Angeles,-1.6534296028880866
2,2003-01-31,San Francisco,Los Angeles,-5.121869782971619
3,2003-01-31,Chicago,Minneapolis,-3.9730700179533214
4,2003-01-31,Los Angeles,San Francisco,-5.044374009508716
5,2003-02-28,Minneapolis,Chicago,-2.638059701492537
6,2003-02-28,Las Vegas,Los Angeles,2.8598382749326148
7,2003-02-28,San Francisco,Los Angeles,-6.053604436229205
8,2003-02-28,Chicago,Minneapolis,-1.8557409224730128
9,2003-02-28,Los Angeles,San Francisco,-7.226039783001808
10,2003-03-31,Minneapolis,Chicago,-2.175485008818342
11,2003-03-31,Las Vegas,Los Angeles,-0.04015544041450777
12,2003-03-31,San Francisco,Los Angeles,-6.852159468438538
13,2003-03-31,Chicago,Minneapolis,-1.506631299734748
14,2003-03-31,Los Angeles,San Francisco,-9.184542586750789
15,2003-04-30,Minneapolis,Chicago,-5.139026812313803
16,2003-04-30,Las Vegas,Los Angeles,-3.2790387182910545
17,2003-04-30,San Francisco,Los Angeles,-6.679310344827586
18,2003-04-30,Chicago,Minneapolis,-4.539761431411531
19,2003-04-30,Los Angeles,San Francisco,-7.217755443886097
20,2003-05-31,Minneapolis,Chicago,-3.369606003752345
21,2003-05-31,Las Vegas,Los Angeles,-2.895945945945946
22,2003-05-31,San Francisco,Los Angeles,-3.8333333333333335
23,2003-05-31,Chicago,Minneapolis,-3.7370405278039587
24,2003-05-31,Los Angeles,San Francisco,-8.327787021630616
25,2003-06-30,Minneapolis,Chicago,-3.5386690647482015
26,2003-06-30,Las Vegas,Los Angeles,-0.40463215258855584
27,2003-06-30,San Francisco,Los Angeles,-1.4126984126984128
28,2003-06-30,Chicago,Minneapolis,-2.0027598896044156
29,2003-06-30,Los Angeles,San Francisco,-6.269360269360269
30,2003-07-31,Minneapolis,Chicago,0.471315092674316
31,2003-07-31,Las Vegas,Los Angeles,-0.09078947368421053
32,2003-07-31,San Francisco,Los Angeles,-4.121052631578947
33,2003-07-31,Chicago,Minneapolis,-0.4826048171275647
34,2003-07-31,Los Angeles,San Francisco,-5.113782051282051
35,2003-08-31,Minneapolis,Chicago,-3.1277728482697427
36,2003-08-31,Las Vegas,Los Angeles,-0.015915119363395226
37,2003-08-31,San Francisco,Los Angeles,-2.7704347826086955
38,2003-08-31,Chicago,Minneapolis,-1.2036363636363636
39,2003-08-31,Los Angeles,San Francisco,-5.97029702970297
40,2003-09-30,Minneapolis,Chicago,-4.1297640653357535
41,2003-09-30,Las Vegas,Los Angeles,-1.896138482023968
42,2003-09-30,San Francisco,Los Angeles,-6.598165137614679
43,2003-09-30,Chicago,Minneapolis,-3.3220183486238533
44,2003-09-30,Los Angeles,San Francisco,-6.689473684210526
45,2003-10-31,Minneapolis,Chicago,-3.2936241610738257
46,2003-10-31,Las Vegas,Los Angeles,0.9033557046979865
47,2003-10-31,San Francisco,Los Angeles,-3.929856115107914
48,2003-10-31,Chicago,Minneapolis,-5.626903553299492
49,2003-10-31,Los Angeles,San Francisco,-4.4520547945205475
50,2003-11-30,Minneapolis,Chicago,8.563106796116505
51,2003-11-30,Las Vegas,Los Angeles,0.7908847184986595
52,2003-11-30,San Francisco,Los Angeles,1.3570093457943926
53,2003-11-30,Chicago,Minneapolis,10.057312252964428
54,2003-11-30,Los Angeles,San Francisco,-4.077338129496403
55,2003-12-31,Minneapolis,Chicago,6.2519607843137255
56,2003-12-31,Las Vegas,Los Angeles,2.89058524173028
57,2003-12-31,San Francisco,Los Angeles,11.559726962457338
58,2003-12-31,Chicago,Minneapolis,7.999005964214712
59,2003-12-31,Los Angeles,San Francisco,1.3227424749163879
0,2004-01-31,Minneapolis,Chicago,9.055555555555555
1,2004-01-31,Las Vegas,Los Angeles,1.246041412911084
2,2004-01-31,San Francisco,Los Angeles,6.353448275862069
3,2004-01-31,Chicago,Minneapolis,8.137254901960784
4,2004-01-31,Los Angeles,San Francisco,-1.0845771144278606
5,2004-02-29,Minneapolis,Chicago,1.95311004784689
6,2004-02-29,Las Vegas,Los Angeles,4.032953105196452
7,2004-02-29,San Francisco,Los Angeles,5.943533697632058
8,2004-02-29,Chicago,Minneapolis,5.287536800785084
9,2004-02-29,Los Angeles,San Francisco,-2.5824561403508772
10,2004-03-31,Minneapolis,Chicago,6.124200913242009
11,2004-03-31,Las Vegas,Los Angeles,1.8942992874109263
12,2004-03-31,San Francisco,Los Angeles,-1.956738768718802
13,2004-03-31,Chicago,Minneapolis,5.8043071161048685
14,2004-03-31,Los Angeles,San Francisco,-2.5603864734299515
15,2004-04-30,Minneapolis,Chicago,-2.9746835443037973
16,2004-04-30,Las Vegas,Los Angeles,3.5160905840286056
17,2004-04-30,San Francisco,Los Angeles,-2.767284991568297
18,2004-04-30,Chicago,Minneapolis,-0.948051948051948
19,2004-04-30,Los Angeles,San Francisco,-3.387205387205387
20,2004-05-31,Minneapolis,Chicago,6.733971291866029
21,2004-05-31,Las Vegas,Los Angeles,0.010404624277456647
22,2004-05-31,San Francisco,Los Angeles,-1.4822934232715008
23,2004-05-31,Chicago,Minneapolis,8.639296187683284
24,2004-05-31,Los Angeles,San Francisco,-3.4351535836177476
25,2004-06-30,Minneapolis,Chicago,3.474977252047316
26,2004-06-30,Las Vegas,Los Angeles,4.818734793187348
27,2004-06-30,San Francisco,Los Angeles,1.813838550247117
28,2004-06-30,Chicago,Minneapolis,5.508180943214629
29,2004-06-30,Los Angeles,San Francisco,2.5439469320066337
30,2004-07-31,Minneapolis,Chicago,1.866120218579235
31,2004-07-31,Las Vegas,Los Angeles,4.309608540925267
32,2004-07-31,San Francisco,Los Angeles,-0.656
33,2004-07-31,Chicago,Minneapolis,2.9165048543689323
34,2004-07-31,Los Angeles,San Francisco,0.3902053712480253
35,2004-08-31,Minneapolis,Chicago,-0.7366185216652507
36,2004-08-31,Las Vegas,Los Angeles,5.1563218390804595
37,2004-08-31,San Francisco,Los Angeles,0.9968404423380727
38,2004-08-31,Chicago,Minneapolis,0.019143117593436645
39,2004-08-31,Los Angeles,San Francisco,-0.3384853168469861
40,2004-09-30,Minneapolis,Chicago,-8.378899082568807
41,2004-09-30,Las Vegas,Los Angeles,0.7434052757793765
42,2004-09-30,San Francisco,Los Angeles,-2.5354200988467874
43,2004-09-30,Chicago,Minneapolis,-5.677514792899408
44,2004-09-30,Los Angeles,San Francisco,-5.672609400324149
45,2004-10-31,Minneapolis,Chicago,-2.2738738738738737
46,2004-10-31,Las Vegas,Los Angeles,2.687793427230047
47,2004-10-31,San Francisco,Los Angeles,1.8843648208469055
48,2004-10-31,Chicago,Minneapolis,-1.4314285714285715
49,2004-10-31,Los Angeles,San Francisco,-0.7990506329113924
50,2004-11-30,Minneapolis,Chicago,-3.181094527363184
51,2004-11-30,Las Vegas,Los Angeles,2.3961584633853543
52,2004-11-30,San Francisco,Los Angeles,-5.791808873720137
53,2004-11-30,Chicago,Minneapolis,-2.8835051546391752
54,2004-11-30,Los Angeles,San Francisco,-2.825242718446602
55,2004-12-31,Minneapolis,Chicago,1.9364908503767493
56,2004-12-31,Las Vegas,Los Angeles,4.015757575757576
57,2004-12-31,San Francisco,Los Angeles,4.151919866444073
58,2004-12-31,Chicago,Minneapolis,3.2580993520518358
59,2004-12-31,Los Angeles,San Francisco,2.686804451510334
0,2005-01-31,Minneapolis,Chicago,5.025219298245614
1,2005-01-31,Las Vegas,Los Angeles,5.89768574908648
2,2005-01-31,San Francisco,Los Angeles,3.049733570159858
3,2005-01-31,Chicago,Minneapolis,4.914634146341464
4,2005-01-31,Los Angeles,San Francisco,0.3078231292517007
5,2005-02-28,Minneapolis,Chicago,-5.138888888888889
6,2005-02-28,Las Vegas,Los Angeles,4.699337748344371
7,2005-02-28,San Francisco,Los Angeles,1.5757575757575757
8,2005-02-28,Chicago,Minneapolis,-3.057110862262038
9,2005-02-28,Los Angeles,San Francisco,1.0361216730038023
10,2005-03-31,Minneapolis,Chicago,-0.7987486965589156
11,2005-03-31,Las Vegas,Los Angeles,1.0907990314769975
12,2005-03-31,San Francisco,Los Angeles,-1.2517857142857143
13,2005-03-31,Chicago,Minneapolis,0.9338929695697796
14,2005-03-31,Los Angeles,San Francisco,-1.1103565365025467
15,2005-04-30,Minneapolis,Chicago,-6.120925341745531
16,2005-04-30,Las Vegas,Los Angeles,-1.825358851674641
17,2005-04-30,San Francisco,Los Angeles,-4.323214285714286
18,2005-04-30,Chicago,Minneapolis,-4.036441586280815
19,2005-04-30,Los Angeles,San Francisco,-4.284403669724771
20,2005-05-31,Minneapolis,Chicago,-2.2780395852968898
21,2005-05-31,Las Vegas,Los Angeles,0.5776255707762558
22,2005-05-31,San Francisco,Los Angeles,0.41919191919191917
23,2005-05-31,Chicago,Minneapolis,-1.5775862068965518
24,2005-05-31,Los Angeles,San Francisco,-3.697952218430034
25,2005-06-30,Minneapolis,Chicago,4.0792741165234006
26,2005-06-30,Las Vegas,Los Angeles,2.326923076923077
27,2005-06-30,San Francisco,Los Angeles,3.9482142857142857
28,2005-06-30,Chicago,Minneapolis,4.777992277992278
29,2005-06-30,Los Angeles,San Francisco,1.7718360071301247
30,2005-07-31,Minneapolis,Chicago,3.2524084778420037
31,2005-07-31,Las Vegas,Los Angeles,4.908433734939759
32,2005-07-31,San Francisco,Los Angeles,0.4186046511627907
33,2005-07-31,Chicago,Minneapolis,5.52015732546706
34,2005-07-31,Los Angeles,San Francisco,-1.236842105263158
35,2005-08-31,Minneapolis,Chicago,0.03601895734597156
36,2005-08-31,Las Vegas,Los Angeles,3.4197674418604653
37,2005-08-31,San Francisco,Los Angeles,0.7338003502626971
38,2005-08-31,Chicago,Minneapolis,2.286939942802669
39,2005-08-31,Los Angeles,San Francisco,-1.6740994854202402
40,2005-09-30,Minneapolis,Chicago,-0.4330708661417323
41,2005-09-30,Las Vegas,Los Angeles,-0.21420256111757857
42,2005-09-30,San Francisco,Los Angeles,-2.5666074600355238
43,2005-09-30,Chicago,Minneapolis,1.3729508196721312
44,2005-09-30,Los Angeles,San Francisco,-1.8681318681318682
45,2005-10-31,Minneapolis,Chicago,-4.8594704684317716
46,2005-10-31,Las Vegas,Los Angeles,4.139482564679415
47,2005-10-31,San Francisco,Los Angeles,-0.18592964824120603
48,2005-10-31,Chicago,Minneapolis,-2.9361256544502616
49,2005-10-31,Los Angeles,San Francisco,-1.532490974729242
50,2005-11-30,Minneapolis,Chicago,1.0275862068965518
51,2005-11-30,Las Vegas,Los Angeles,-0.8827014218009479
52,2005-11-30,San Francisco,Los Angeles,-2.1324626865671643
53,2005-11-30,Chicago,Minneapolis,-1.8758782201405153
54,2005-11-30,Los Angeles,San Francisco,-0.6098418277680141
55,2005-12-31,Minneapolis,Chicago,11.54350736278447
56,2005-12-31,Las Vegas,Los Angeles,1.787696019300362
57,2005-12-31,San Francisco,Los Angeles,17.268953068592058
58,2005-12-31,Chicago,Minneapolis,7.738666666666667
59,2005-12-31,Los Angeles,San Francisco,10.1008547008547
0,2006-01-31,Minneapolis,Chicago,-1.152542372881356
1,2006-01-31,Las Vegas,Los Angeles,0.30045351473922904
2,2006-01-31,San Francisco,Los Angeles,2.25044404973357
3,2006-01-31,Chicago,Minneapolis,-2.428901734104046
4,2006-01-31,Los Angeles,San Francisco,-3.3893653516295026
5,2006-02-28,Minneapolis,Chicago,-0.6678832116788321
6,2006-02-28,Las Vegas,Los Angeles,2.3952618453865338
7,2006-02-28,San Francisco,Los Angeles,3.178988326848249
8,2006-02-28,Chicago,Minneapolis,-2.0038022813688214
9,2006-02-28,Los Angeles,San Francisco,-1.8076190476190477
10,2006-03-31,Minneapolis,Chicago,4.256771397616468
11,2006-03-31,Las Vegas,Los Angeles,4.318706697459584
12,2006-03-31,San Francisco,Los Angeles,13.804878048780488
13,2006-03-31,Chicago,Minneapolis,4.394110985277464
14,2006-03-31,Los Angeles,San Francisco,5.720486111111111
15,2006-04-30,Minneapolis,Chicago,-0.5452631578947369
16,2006-04-30,Las Vegas,Los Angeles,5.631174533479693
17,2006-04-30,San Francisco,Los Angeles,6.337662337662338
18,2006-04-30,Chicago,Minneapolis,-0.20806100217864923
19,2006-04-30,Los Angeles,San Francisco,4.728904847396769
20,2006-05-31,Minneapolis,Chicago,1.9503239740820735
21,2006-05-31,Las Vegas,Los Angeles,2.9864016736401675
22,2006-05-31,San Francisco,Los Angeles,-1.1933797909407666
23,2006-05-31,Chicago,Minneapolis,1.6297093649085037
24,2006-05-31,Los Angeles,San Francisco,-1.0189982728842832
25,2006-06-30,Minneapolis,Chicago,2.064755838641189
26,2006-06-30,Las Vegas,Los Angeles,4.028921023359288
27,2006-06-30,San Francisco,Los Angeles,0.722027972027972
28,2006-06-30,Chicago,Minneapolis,-2.5728476821192054
29,2006-06-30,Los Angeles,San Francisco,0.09827586206896552
30,2006-07-31,Minneapolis,Chicago,1.6469366562824508
31,2006-07-31,Las Vegas,Los Angeles,6.160346695557963
32,2006-07-31,San Francisco,Los Angeles,-2.095029239766082
33,2006-07-31,Chicago,Minneapolis,-0.4039955604883463
34,2006-07-31,Los Angeles,San Francisco,0.27880512091038406
35,2006-08-31,Minneapolis,Chicago,2.522567703109328
36,2006-08-31,Las Vegas,Los Angeles,4.591594827586207
37,2006-08-31,San Francisco,Los Angeles,2.2590673575129534
38,2006-08-31,Chicago,Minneapolis,1.359275053304904
39,2006-08-31,Los Angeles,San Francisco,3.356679636835279
40,2006-09-30,Minneapolis,Chicago,1.4778378378378378
41,2006-09-30,Las Vegas,Los Angeles,2.5212187159956474
42,2006-09-30,San Francisco,Los Angeles,-1.5445544554455446
43,2006-09-30,Chicago,Minneapolis,5.242590559824369
44,2006-09-30,Los Angeles,San Francisco,2.2343096234309625
45,2006-10-31,Minneapolis,Chicago,2.2849686847599164
46,2006-10-31,Las Vegas,Los Angeles,3.7888531618435155
47,2006-10-31,San Francisco,Los Angeles,-0.5006622516556292
48,2006-10-31,Chicago,Minneapolis,4.44503735325507
49,2006-10-31,Los Angeles,San Francisco,3.6745718050065874
50,2006-11-30,Minneapolis,Chicago,-2.17678381256656
51,2006-11-30,Las Vegas,Los Angeles,0.8198689956331878
52,2006-11-30,San Francisco,Los Angeles,3.592991913746631
53,2006-11-30,Chicago,Minneapolis,3.407244785949506
54,2006-11-30,Los Angeles,San Francisco,2.1492734478203435
55,2006-12-31,Minneapolis,Chicago,4.958520179372197
56,2006-12-31,Las Vegas,Los Angeles,4.837113402061855
57,2006-12-31,San Francisco,Los Angeles,4.872258064516129
58,2006-12-31,Chicago,Minneapolis,9.810841983852365
59,2006-12-31,Los Angeles,San Francisco,2.3759590792838874
0,2007-01-31,Minneapolis,Chicago,-0.6559031281533805
1,2007-01-31,Las Vegas,Los Angeles,3.8964102564102565
2,2007-01-31,San Francisco,Los Angeles,-1.1857142857142857
3,2007-01-31,Chicago,Minneapolis,5.984293193717278
4,2007-01-31,Los Angeles,San Francisco,-1.89272030651341
5,2007-02-28,Minneapolis,Chicago,7.490542244640605
6,2007-02-28,Las Vegas,Los Angeles,5.861678004535148
7,2007-02-28,San Francisco,Los Angeles,8.263157894736842
8,2007-02-28,Chicago,Minneapolis,11.493638676844784
9,2007-02-28,Los Angeles,San Francisco,6.06824512534819
10,2007-03-31,Minneapolis,Chicago,5.519438444924406
11,2007-03-31,Las Vegas,Los Angeles,3.681443298969072
12,2007-03-31,San Francisco,Los Angeles,-3.213154689403167
13,2007-03-31,Chicago,Minneapolis,8.840677966101694
14,2007-03-31,Los Angeles,San Francisco,0.17681498829039813
15,2007-04-30,Minneapolis,Chicago,1.7736670293797605
16,2007-04-30,Las Vegas,Los Angeles,2.618899273104881
17,2007-04-30,San Francisco,Los Angeles,1.582312925170068
18,2007-04-30,Chicago,Minneapolis,6.972160356347438
19,2007-04-30,Los Angeles,San Francisco,-0.8306878306878307
20,2007-05-31,Minneapolis,Chicago,0.4557823129251701
21,2007-05-31,Las Vegas,Los Angeles,0.7721393034825871
22,2007-05-31,San Francisco,Los Angeles,1.5634920634920635
23,2007-05-31,Chicago,Minneapolis,1.4475308641975309
24,2007-05-31,Los Angeles,San Francisco,0.932
25,2007-06-30,Minneapolis,Chicago,6.450373532550694
26,2007-06-30,Las Vegas,Los Angeles,0.7044228694714132
27,2007-06-30,San Francisco,Los Angeles,6.588394062078272
28,2007-06-30,Chicago,Minneapolis,7.3329583802024745
29,2007-06-30,Los Angeles,San Francisco,6.403556771545827
30,2007-07-31,Minneapolis,Chicago,3.4919441460794842
31,2007-07-31,Las Vegas,Los Angeles,1.9116135662898253
32,2007-07-31,San Francisco,Los Angeles,10.662162162162161
33,2007-07-31,Chicago,Minneapolis,4.783599088838269
34,2007-07-31,Los Angeles,San Francisco,10.883443708609272
35,2007-08-31,Minneapolis,Chicago,16.526198439241917
36,2007-08-31,Las Vegas,Los Angeles,4.2571996027805366
37,2007-08-31,San Francisco,Los Angeles,7.817687074829932
38,2007-08-31,Chicago,Minneapolis,14.969590643274854
39,2007-08-31,Los Angeles,San Francisco,6.033898305084746
40,2007-09-30,Minneapolis,Chicago,8.463243873978996
41,2007-09-30,Las Vegas,Los Angeles,0.1092436974789916
42,2007-09-30,San Francisco,Los Angeles,3.1056241426611795
43,2007-09-30,Chicago,Minneapolis,8.60049019607843
44,2007-09-30,Los Angeles,San Francisco,4.456944444444445
45,2007-10-31,Minneapolis,Chicago,5.1570964247020585
46,2007-10-31,Las Vegas,Los Angeles,0.8256410256410256
47,2007-10-31,San Francisco,Los Angeles,9.823218997361478
48,2007-10-31,Chicago,Minneapolis,6.761795166858458
49,2007-10-31,Los Angeles,San Francisco,7.035433070866142
50,2007-11-30,Minneapolis,Chicago,-0.7119386637458927
51,2007-11-30,Las Vegas,Los Angeles,2.726890756302521
52,2007-11-30,San Francisco,Los Angeles,5.3165548098434
53,2007-11-30,Chicago,Minneapolis,-0.2917647058823529
54,2007-11-30,Los Angeles,San Francisco,5.97881828316611
55,2007-12-31,Minneapolis,Chicago,17.33915211970075
56,2007-12-31,Las Vegas,Los Angeles,6.314655172413793
57,2007-12-31,San Francisco,Los Angeles,16.17660292463442
58,2007-12-31,Chicago,Minneapolis,19.31143232588699
59,2007-12-31,Los Angeles,San Francisco,12.243820224719101
0,2008-01-31,Minneapolis,Chicago,7.277566539923955
1,2008-01-31,Las Vegas,Los Angeles,4.616304347826087
2,2008-01-31,San Francisco,Los Angeles,27.567342073897496
3,2008-01-31,Chicago,Minneapolis,14.365753424657534
4,2008-01-31,Los Angeles,San Francisco,20.36214953271028
5,2008-02-29,Minneapolis,Chicago,9.021739130434783
6,2008-02-29,Las Vegas,Los Angeles,3.6443037974683543
7,2008-02-29,San Francisco,Los Angeles,11.006242197253433
8,2008-02-29,Chicago,Minneapolis,14.385321100917432
9,2008-02-29,Los Angeles,San Francisco,7.896385542168675
10,2008-03-31,Minneapolis,Chicago,4.256997455470738
11,2008-03-31,Las Vegas,Los Angeles,1.5117719950433706
12,2008-03-31,San Francisco,Los Angeles,-1.007534983853606
13,2008-03-31,Chicago,Minneapolis,6.495212038303694
14,2008-03-31,Los Angeles,San Francisco,-0.762993762993763
15,2008-04-30,Minneapolis,Chicago,2.175417661097852
16,2008-04-30,Las Vegas,Los Angeles,-1.7544987146529563
17,2008-04-30,San Francisco,Los Angeles,-2.2564377682403434
18,2008-04-30,Chicago,Minneapolis,1.9372496662216288
19,2008-04-30,Los Angeles,San Francisco,-2.4905857740585775
20,2008-05-31,Minneapolis,Chicago,2.2448453608247423
21,2008-05-31,Las Vegas,Los Angeles,1.3865030674846626
22,2008-05-31,San Francisco,Los Angeles,4.11214953271028
23,2008-05-31,Chicago,Minneapolis,-0.18181818181818182
24,2008-05-31,Los Angeles,San Francisco,3.0224260958205913
25,2008-06-30,Minneapolis,Chicago,15.805232558139535
26,2008-06-30,Las Vegas,Los Angeles,-0.795
27,2008-06-30,San Francisco,Los Angeles,12.162162162162161
28,2008-06-30,Chicago,Minneapolis,14.366568914956012
29,2008-06-30,Los Angeles,San Francisco,9.208677685950413
30,2008-07-31,Minneapolis,Chicago,1.9123287671232876
31,2008-07-31,Las Vegas,Los Angeles,-1.0194174757281553
32,2008-07-31,San Francisco,Los Angeles,7.091282051282051
33,2008-07-31,Chicago,Minneapolis,3.203342618384401
34,2008-07-31,Los Angeles,San Francisco,5.218781218781219
35,2008-08-31,Minneapolis,Chicago,-3.6103151862464182
36,2008-08-31,Las Vegas,Los Angeles,-2.227722772277228
37,2008-08-31,San Francisco,Los Angeles,0.7918834547346514
38,2008-08-31,Chicago,Minneapolis,-5.416302765647743
39,2008-08-31,Los Angeles,San Francisco,2.6143724696356276
40,2008-09-30,Minneapolis,Chicago,-5.625766871165644
41,2008-09-30,Las Vegas,Los Angeles,-4.311827956989247
42,2008-09-30,San Francisco,Los Angeles,-4.950757575757576
43,2008-09-30,Chicago,Minneapolis,-3.6064
44,2008-09-30,Los Angeles,San Francisco,-5.242839352428393
45,2008-10-31,Minneapolis,Chicago,-7.692198581560284
46,2008-10-31,Las Vegas,Los Angeles,-6.690789473684211
47,2008-10-31,San Francisco,Los Angeles,-3.8891656288916563
48,2008-10-31,Chicago,Minneapolis,-6.8938953488372094
49,2008-10-31,Los Angeles,San Francisco,-6.3233173076923075
50,2008-11-30,Minneapolis,Chicago,-7.331460674157303
51,2008-11-30,Las Vegas,Los Angeles,-3.2256568778979906
52,2008-11-30,San Francisco,Los Angeles,-4.4242837653478855
53,2008-11-30,Chicago,Minneapolis,-6.521929824561403
54,2008-11-30,Los Angeles,San Francisco,-9.739185750636132
55,2008-12-31,Minneapolis,Chicago,11.381789137380192
56,2008-12-31,Las Vegas,Los Angeles,-0.7567164179104477
57,2008-12-31,San Francisco,Los Angeles,9.331612903225807
58,2008-12-31,Chicago,Minneapolis,9.113418530351439
59,2008-12-31,Los Angeles,San Francisco,-0.2747524752475248
